timestamp,your_value,opponent_value,win,profit,inventory_value
2025-03-22 20:34:49,2.95,3.27,0,-2.95,194.83000000000004
2025-03-22 20:36:17,3.08,3.42,0,-3.08,191.75
2025-03-22 20:37:28,4.0,4.44,0,-4.0,187.75
2025-03-22 20:39:16,0.98,1.08,1,1.08,188.83
2025-03-22 20:40:32,1.32,1.41,0,-1.32,187.51
2025-03-22 20:41:17,4.4,4.88,1,4.88,192.39
2025-03-22 20:42:05,1.81,2.0,1,2.0,194.39
2025-03-22 20:43:59,2.8,3.11,1,3.11,197.5
2025-03-22 20:46:26,0.92,1.01,0,-0.92,196.58
2025-03-22 20:47:24,1.37,1.5,0,-1.37,195.21
2025-03-22 20:48:43,2.59,2.87,0,-2.59,192.62
2025-03-22 20:49:48,1.91,2.12,0,-1.91,190.71
2025-03-22 20:52:23,1.01,1.12,1,1.12,191.83
2025-03-22 20:54:21,2.33,2.58,0,-2.33,189.5
2025-03-22 20:57:31,2.78,3.08,1,3.08,192.58
2025-03-22 21:00:19,1.71,1.89,0,-1.71,190.87
2025-03-22 21:03:52,1.71,1.88,1,1.88,192.75
2025-03-22 21:04:43,0.92,1.02,0,-0.92,191.83
2025-03-22 21:07:34,2.21,2.45,1,2.45,194.28
2025-03-22 21:08:19,3.02,3.35,0,-3.02,191.26
2025-03-22 21:09:15,1.71,1.87,1,1.87,193.13
2025-03-22 21:10:38,1.12,1.24,0,-1.12,192.01
2025-03-22 21:11:28,3.79,4.21,1,4.21,196.22
2025-03-22 21:12:14,2.32,2.57,0,-2.32,193.9
2025-03-22 21:12:51,1.67,1.83,0,-1.67,192.23
2025-03-22 21:13:36,4.14,4.59,1,4.59,196.82
2025-03-22 21:14:19,0.94,1.02,0,-0.94,195.88
2025-03-22 21:15:42,2.63,2.92,0,-2.63,193.25
2025-03-22 21:16:26,1.18,1.3,1,1.3,194.55
2025-03-22 21:17:25,2.86,3.17,0,-2.86,191.69
2025-03-22 21:18:00,0.94,1.02,0,-0.94,190.75
2025-03-22 21:19:36,3.84,4.26,0,-3.84,186.91
2025-03-22 21:20:39,0.95,1.02,1,1.02,187.93
2025-03-22 21:21:27,2.89,3.2,1,3.2,191.13
2025-03-22 21:22:13,3.39,3.76,1,3.76,194.89
2025-03-22 21:22:52,1.07,1.17,0,-1.07,193.82
2025-03-22 21:23:27,2.03,2.24,0,-2.03,191.79
2025-03-22 21:24:53,0.95,1.02,0,-0.95,190.84
2025-03-22 21:26:01,2.1,2.33,1,2.33,193.17
2025-03-22 21:26:40,1.36,1.51,1,1.51,194.68
2025-03-22 21:27:14,2.01,2.23,0,-2.01,192.67
2025-03-22 21:27:52,3.82,4.24,0,-3.82,188.85
2025-03-22 21:35:48,3.64,4.04,1,4.04,192.89
2025-03-22 21:37:07,2.76,3.06,1,3.06,195.95
2025-03-22 21:38:07,1.04,1.15,0,-1.04,194.91000000000005
2025-03-22 21:39:08,1.35,1.49,0,-1.35,193.56
2025-03-22 21:39:43,2.49,2.76,0,-2.49,191.07
2025-03-22 21:40:25,1.1,1.22,0,-1.1,189.97
2025-03-22 21:43:13,3.29,3.65,0,-3.29,186.68
2025-03-22 21:44:40,2.71,3.0,1,3.0,189.68
2025-03-22 21:46:04,3.57,3.96,0,-3.57,186.11
2025-03-22 21:47:51,4.29,4.76,1,4.76,190.87
2025-03-22 21:48:30,4.37,4.85,1,4.85,195.72
2025-03-22 21:52:31,4.08,4.53,0,-4.08,191.64
2025-03-22 21:54:01,3.35,3.72,0,-3.35,188.29
2025-03-22 21:57:01,1.93,2.09,0,-2.09,186.36
2025-03-22 21:58:12,3.97,4.4,1,4.4,190.76
2025-03-22 21:59:22,3.87,4.29,1,4.29,195.05
2025-03-22 22:00:03,2.35,2.6,1,2.6,197.65
2025-03-22 22:01:24,4.48,4.97,0,-4.48,193.17
2025-03-22 22:02:52,1.97,2.15,1,2.15,195.32
2025-03-22 22:03:34,0.93,1.02,1,1.02,196.34
2025-03-22 22:04:38,3.82,4.24,1,4.24,200.58
2025-03-22 22:05:53,1.58,1.75,0,-1.58,199.0
2025-03-22 22:06:30,2.42,2.68,0,-2.42,196.58
2025-03-22 22:07:06,3.57,3.96,0,-3.57,193.01
2025-03-22 22:07:55,1.08,1.18,0,-1.08,191.93
2025-03-22 22:09:12,2.77,3.06,1,3.06,194.99
2025-03-22 22:10:17,2.89,3.21,0,-2.89,192.1
2025-03-22 22:16:30,4.16,4.62,0,-4.16,187.94
2025-03-22 22:21:02,3.08,3.4,1,3.4,191.34
2025-03-22 22:23:12,2.89,3.21,1,3.21,194.55
2025-03-22 22:24:17,2.79,3.09,0,-2.79,191.76
2025-03-22 22:25:00,2.77,3.06,1,3.06,194.82
2025-03-22 22:26:50,2.95,3.27,1,3.27,198.09
2025-03-22 22:27:58,2.85,3.16,1,3.16,201.25
2025-03-22 22:29:22,1.85,2.04,1,2.04,203.29
2025-03-22 22:30:04,1.07,1.17,0,-1.07,202.22
2025-03-22 22:30:40,4.42,4.9,0,-4.42,197.8
2025-03-22 22:36:05,4.49,4.98,0,-4.49,193.31
2025-03-22 22:38:11,2.24,2.46,0,-2.24,192.24
2025-03-22 22:38:14,1.07,1.17,1,1.17,194.48
2025-03-22 22:39:00,4.24,4.7,1,4.7,196.94
2025-03-22 22:39:38,1.58,1.72,0,-1.58,195.36
2025-03-22 22:42:05,1.85,2.04,1,2.04,197.4
2025-03-22 22:42:44,4.29,4.76,0,-4.29,193.11
2025-03-22 22:44:23,3.81,4.23,0,-3.81,189.3
2025-03-22 22:45:59,3.21,3.55,0,-3.21,186.09
2025-03-22 22:46:58,1.99,2.14,1,2.14,188.23
2025-03-22 22:47:39,2.82,3.12,0,-2.82,185.41
2025-03-22 22:48:36,3.52,3.9,1,3.9,189.31
2025-03-22 22:55:27,3.96,4.39,0,-3.96,185.35
2025-03-22 22:56:28,1.86,2.06,0,-1.86,183.49
2025-03-22 22:57:01,1.85,2.04,0,-1.85,181.64
2025-03-22 22:58:42,2.85,3.16,0,-2.85,178.79000000000002
2025-03-22 23:00:19,4.27,4.73,1,4.73,183.52
2025-03-22 23:01:36,2.92,3.24,0,-2.92,180.6
2025-03-22 23:02:13,3.29,3.62,1,3.62,184.22
2025-03-22 23:02:51,4.43,4.92,0,-4.43,179.79000000000002
2025-03-22 23:04:12,2.19,2.4,1,2.4,182.19
2025-03-22 23:09:00,3.16,3.5,0,-3.16,179.03
2025-03-22 23:12:26,4.02,4.45,0,-4.02,175.01
2025-03-22 23:13:00,1.81,1.99,0,-1.81,173.2
2025-03-22 23:13:37,3.44,3.8,0,-3.44,169.76
2025-03-22 23:15:02,2.14,2.34,1,2.34,172.1
2025-03-22 23:16:31,2.69,2.98,0,-2.69,169.41
2025-03-22 23:17:01,2.0,2.19,0,-2.0,167.41
2025-03-22 23:17:39,3.78,4.19,0,-3.78,163.63
2025-03-22 23:19:25,3.16,3.48,1,3.48,167.11
2025-03-22 23:21:25,3.51,3.88,1,3.88,170.99
2025-03-22 23:22:54,4.22,4.67,1,4.67,175.66
2025-03-22 23:25:10,4.3,4.77,1,4.77,180.43
2025-03-22 23:25:58,3.65,4.05,0,-3.65,176.78
2025-03-22 23:27:09,4.33,4.78,1,4.78,181.56
2025-03-22 23:28:21,3.16,3.5,1,3.5,185.06
2025-03-22 23:29:21,3.66,4.05,0,-3.66,181.4
2025-03-22 23:29:56,3.7,4.1,0,-3.7,177.7
2025-03-22 23:30:35,3.66,4.05,1,4.05,181.75
2025-03-22 23:33:16,1.84,2.01,0,-1.84,179.91
2025-03-22 23:33:52,1.7,1.82,0,-1.7,178.21
2025-03-22 23:34:23,3.34,3.7,0,-3.34,174.87
2025-03-22 23:36:34,4.24,4.7,1,4.7,179.57
2025-03-22 23:37:19,1.17,1.29,1,1.29,180.86
2025-03-22 23:38:10,3.49,3.73,0,-3.49,174.91
2025-03-22 23:38:53,4.44,4.89,1,4.89,179.8
2025-03-22 23:39:36,3.16,3.49,0,-3.16,176.64
2025-03-22 23:40:53,2.93,3.16,0,-2.93,173.71
2025-03-22 23:43:48,3.45,3.72,1,3.72,177.43
2025-03-22 23:44:36,4.44,4.93,0,-4.44,172.99
2025-03-22 23:45:11,3.06,3.32,0,-3.06,169.93
2025-03-22 23:47:07,3.58,3.95,1,3.95,173.88
2025-03-22 23:47:42,3.12,3.46,1,3.46,177.34
2025-03-22 23:50:17,3.59,3.98,0,-3.59,176.21
2025-03-22 23:50:48,3.87,4.29,0,-3.87,172.34
2025-03-22 23:51:34,2.36,2.56,0,-2.36,169.98000000000002
2025-03-22 23:52:40,3.07,3.35,0,-3.07,166.91
2025-03-22 23:55:05,1.46,1.57,1,1.57,168.48000000000002
2025-03-22 23:56:42,4.54,4.93,0,-4.54,163.94
2025-03-22 23:59:32,1.93,2.14,1,2.14,166.08
2025-03-23 00:04:38,3.39,3.61,1,3.61,169.69
2025-03-23 00:05:17,2.68,2.96,1,2.96,172.65
2025-03-23 00:05:59,4.18,4.64,1,4.64,177.29000000000002
2025-03-23 00:06:32,3.82,4.24,0,-3.82,173.47
2025-03-23 00:07:16,3.6,3.99,1,3.99,177.46
2025-03-23 00:07:53,2.24,2.48,0,-2.24,175.22
2025-03-23 00:09:45,3.21,3.56,1,3.56,178.77
2025-03-23 00:10:18,2.48,2.72,0,-2.48,176.29000000000002
2025-03-23 00:12:17,1.77,1.91,0,-1.77,174.52
2025-03-23 00:16:17,2.29,2.53,1,2.53,177.05
2025-03-23 00:18:13,1.89,2.09,1,2.09,179.14
2025-03-23 00:18:45,2.33,2.58,0,-2.33,176.81
2025-03-23 00:19:37,3.17,3.52,0,-3.17,173.64
2025-03-23 00:20:14,1.75,1.94,1,1.94,175.58
2025-03-23 00:20:56,1.92,2.12,1,2.12,177.7
2025-03-23 00:21:46,2.86,3.17,1,3.17,180.87
2025-03-23 00:22:16,1.81,1.96,0,-1.81,179.06
2025-03-23 00:23:15,4.37,4.85,1,4.85,183.91
2025-03-23 00:23:54,1.88,2.06,1,2.06,185.97
2025-03-23 00:24:33,2.69,2.98,1,2.98,188.95
2025-03-23 00:30:45,1.37,1.49,0,-1.37,187.58
2025-03-23 00:31:24,2.59,2.86,1,2.86,190.44
2025-03-23 00:32:35,3.78,4.19,0,-3.78,186.66
2025-03-23 00:33:05,4.36,4.84,0,-4.36,182.3
2025-03-23 00:34:41,3.18,3.53,1,3.53,185.83
2025-03-23 00:35:26,2.1,2.3,1,2.3,188.13
2025-03-23 00:36:12,1.65,1.79,1,1.79,189.92
2025-03-23 00:37:00,4.01,4.44,0,-4.01,185.91
2025-03-23 00:38:36,1.65,1.82,1,1.82,187.73
2025-03-23 00:39:12,3.93,4.36,0,-3.93,183.8
2025-03-23 00:39:43,1.92,2.06,0,-1.92,181.88
2025-03-23 00:40:17,3.6,3.98,0,-3.6,178.28
2025-03-23 00:40:56,2.81,3.11,0,-2.81,175.47
2025-03-23 00:44:03,3.38,3.69,1,3.69,179.16
2025-03-23 00:45:07,2.68,2.97,1,2.97,182.13
2025-03-23 00:45:38,1.37,1.49,0,-1.37,180.76
2025-03-23 00:46:14,3.98,4.42,0,-3.98,176.78
2025-03-23 00:46:51,2.58,2.86,0,-2.58,174.2
2025-03-23 00:47:50,2.53,2.81,0,-2.53,171.67000000000002
2025-03-23 00:48:33,2.78,3.07,0,-2.78,168.89
2025-03-23 00:49:06,4.24,4.61,0,-4.24,164.65
2025-03-23 00:51:19,4.24,4.61,1,4.61,169.26
2025-03-23 00:53:53,2.15,2.37,1,2.37,171.63
2025-03-23 00:54:43,4.48,4.81,0,-4.48,167.15
2025-03-23 00:56:25,3.49,3.76,1,3.76,170.91
2025-03-23 00:57:06,2.98,3.29,0,-2.98,167.93
2025-03-23 00:57:45,0.93,1.02,0,-0.93,167.0
2025-03-23 01:02:26,3.0,3.29,0,-3.0,164.0
2025-03-23 01:04:57,3.99,4.27,0,-3.99,160.01
2025-03-23 01:05:56,4.61,4.98,0,-4.61,155.4
2025-03-23 01:06:50,2.15,2.32,0,-2.15,153.25
2025-03-23 01:07:22,4.04,4.47,0,-4.04,149.21
2025-03-23 01:16:19,4.74,5.23,1,5.23,154.44
2025-03-23 01:17:33,4.74,5.19,1,5.19,159.63
2025-03-23 01:22:25,4.24,4.66,1,4.66,164.29000000000002
2025-03-23 01:23:49,1.36,1.49,0,-1.36,162.93
2025-03-23 01:31:44,4.24,4.69,0,-4.24,158.69
2025-03-23 01:34:18,4.47,4.93,1,4.93,163.62
2025-03-23 01:38:03,4.47,4.81,0,-4.47,159.15
2025-03-23 01:39:32,5.19,5.71,1,5.71,164.86
2025-03-23 01:40:39,5.1,5.65,0,-5.1,159.76
2025-03-23 01:43:29,4.74,5.07,0,-4.74,155.02
2025-03-23 01:49:45,15.27,16.49,1,16.49,171.51
2025-03-23 22:31:47,2.81,3.02,1,3.02,174.51
2025-03-23 22:32:33,5.16,5.71,1,5.71,180.22
2025-03-23 22:33:15,2.72,2.95,1,2.95,183.17
2025-03-23 22:38:17,3.91,4.29,1,4.29,187.46
2025-03-23 22:38:55,3.97,4.39,1,4.39,191.85
2025-03-23 22:39:29,2.45,2.63,0,-2.45,189.4
2025-03-23 22:40:22,3.94,4.32,1,4.32,193.72
2025-03-23 22:42:03,2.95,3.25,1,3.25,196.97
2025-03-23 22:42:38,2.45,2.63,0,-2.45,194.52
2025-03-23 22:43:58,2.21,2.45,0,-2.21,192.31
2025-03-23 22:44:38,1.83,2.0,1,2.0,194.31
2025-03-23 22:46:06,2.24,2.48,0,-2.24,192.07
2025-03-23 22:46:36,2.21,2.45,0,-2.21,189.86
2025-03-23 22:50:40,3.77,4.18,0,-3.77,186.09
2025-03-23 22:51:39,2.59,2.83,0,-2.59,183.5
2025-03-23 22:52:24,4.89,5.42,1,5.42,188.92
2025-03-23 22:54:21,3.37,3.71,1,3.71,192.12
2025-03-23 22:57:54,1.36,1.48,1,1.48,193.6
2025-03-23 23:02:04,2.17,2.37,0,-2.17,191.43
2025-03-23 23:09:12,2.53,2.79,1,2.79,194.22
2025-03-23 23:09:46,1.76,1.9,0,-1.76,192.46
2025-03-23 23:11:33,1.08,1.17,0,-1.08,191.38
2025-03-23 23:13:37,1.36,1.46,1,1.46,192.84
2025-03-23 23:14:13,1.63,1.75,1,1.75,194.59
2025-03-23 23:15:28,2.1,2.33,0,-2.1,192.49
2025-03-23 23:19:52,1.36,1.5,0,-1.36,191.13
2025-03-23 23:58:19,2.57,2.85,1,2.85,193.98
2025-03-24 00:03:02,0.94,1.04,0,-0.94,193.04
2025-03-24 00:03:46,1.79,1.98,1,1.98,195.02
2025-03-24 00:04:29,3.49,3.87,1,3.87,198.89
2025-03-24 00:05:56,0.96,1.05,1,1.05,199.94
2025-03-24 00:06:36,1.89,2.09,1,2.09,202.03
2025-03-24 00:08:32,3.63,4.03,0,-3.63,198.08
2025-03-24 00:10:59,3.64,4.04,1,4.04,202.12
2025-03-24 00:12:40,2.06,2.28,0,-2.06,200.06
2025-03-24 00:13:35,1.11,1.23,1,1.23,201.29
2025-03-24 00:14:16,2.34,2.59,1,2.59,203.88
2025-03-24 00:15:26,3.01,3.34,0,-3.01,200.87
2025-03-24 00:18:17,2.8,3.1,1,3.1,203.97
2025-03-24 00:19:38,2.9,3.22,1,3.22,207.19
2025-03-24 00:20:43,2.21,2.45,0,-2.21,204.98
2025-03-24 09:21:57,1.83,2.03,0,-1.83,203.52
2025-03-24 09:24:29,1.37,1.5,1,1.5,205.02
2025-03-24 09:26:32,1.8,1.99,1,1.99,207.01
2025-03-24 09:39:08,1.72,1.91,1,1.91,208.92
2025-03-24 09:39:40,1.32,1.46,0,-1.32,207.6
2025-03-24 09:40:17,1.05,1.14,0,-1.05,206.55
2025-03-24 09:41:00,3.57,3.96,0,-3.57,202.98
2025-03-24 09:41:35,1.23,1.35,1,1.35,204.33
2025-03-24 09:42:33,1.93,2.14,0,-1.93,202.4
2025-03-24 09:43:29,2.29,2.54,0,-2.29,200.11
2025-03-24 09:44:22,0.94,1.02,0,-0.94,199.17
2025-03-24 09:45:00,1.77,1.96,0,-1.77,197.4
2025-03-24 09:46:07,0.94,1.02,1,1.02,198.42
2025-03-24 09:48:32,0.98,1.07,1,1.07,199.49
2025-03-24 09:49:21,1.6,1.77,0,-1.6,197.89
2025-03-24 09:50:48,1.72,1.91,0,-1.72,196.17
2025-03-24 09:52:00,1.45,1.6,1,1.6,197.77
2025-03-24 09:52:58,0.98,1.08,1,1.08,198.85
2025-03-24 09:53:44,2.29,2.54,1,2.54,201.39
2025-03-24 09:54:14,1.59,1.76,0,-1.59,199.8
2025-03-24 09:54:47,3.02,3.35,0,-3.02,196.78
2025-03-24 09:55:45,0.98,1.08,0,-0.98,195.8
2025-03-24 09:56:22,0.91,1.01,0,-0.91,194.89
2025-03-24 09:56:58,1.8,1.99,1,1.99,196.88
2025-03-24 09:58:23,1.91,2.12,1,2.12,199.0
2025-03-24 10:00:40,0.91,1.01,1,1.01,200.01
2025-03-24 10:01:20,2.12,2.35,0,-2.12,197.89
2025-03-24 10:02:32,2.14,2.37,1,2.37,200.26
2025-03-24 10:04:18,1.43,1.58,1,1.58,201.84
2025-03-24 10:04:52,1.93,2.14,1,2.14,203.98
2025-03-24 10:06:15,3.54,3.93,1,3.93,207.91
2025-03-24 10:06:51,1.4,1.55,1,1.55,209.46
2025-03-24 10:08:00,3.21,3.56,1,3.56,213.02
2025-03-24 10:08:39,2.6,2.88,1,2.88,215.9
2025-03-24 10:09:30,1.96,2.17,0,-1.96,213.94
2025-03-24 10:11:07,2.26,2.51,1,2.51,216.45
2025-03-24 10:12:13,1.9,2.1,1,2.1,218.55
2025-03-24 10:12:54,2.83,3.14,1,3.14,221.69
2025-03-24 10:14:14,1.7,1.88,0,-1.7,219.99
2025-03-24 10:15:27,2.84,3.15,0,-2.84,217.15
2025-03-24 10:16:01,1.25,1.38,0,-1.25,215.9
2025-03-24 10:17:11,1.03,1.14,0,-1.03,214.87
2025-03-24 10:18:43,3.4,3.77,1,3.77,218.64
2025-03-24 10:20:11,1.76,1.95,0,-1.76,216.88
2025-03-24 10:21:05,2.31,2.56,1,2.56,219.44
2025-03-24 10:22:23,1.0,1.08,1,1.08,220.52
2025-03-24 10:22:53,2.08,2.31,0,-2.08,218.44
2025-03-24 10:23:39,1.0,1.08,0,-1.0,217.44
2025-03-24 10:24:56,2.94,3.26,1,3.26,220.7
2025-03-24 10:25:46,0.94,1.04,1,1.04,221.74
2025-03-24 10:27:09,2.06,2.28,1,2.28,224.02
2025-03-24 10:27:44,3.02,3.35,1,3.35,227.37
2025-03-24 10:29:50,1.37,1.52,0,-1.37,226.0
2025-03-24 10:30:54,1.0,1.08,0,-1.0,225.0
2025-03-24 10:31:24,1.88,2.08,0,-1.88,223.12
2025-03-24 10:32:13,3.57,3.96,0,-3.57,219.55
2025-03-24 10:34:03,1.96,2.17,0,-1.96,217.59
2025-03-24 10:35:01,3.35,3.72,1,3.72,221.31
2025-03-24 10:35:48,1.21,1.34,1,1.34,222.65
2025-03-24 10:37:02,1.55,1.72,0,-1.55,221.1
2025-03-24 10:39:26,0.93,1.03,1,1.03,222.13
2025-03-24 10:40:47,1.07,1.18,1,1.18,223.31
2025-03-24 10:42:37,1.63,1.8,0,-1.63,221.68
2025-03-24 10:43:32,3.09,3.43,0,-3.09,218.59
2025-03-24 10:44:24,1.44,1.59,0,-1.44,217.15
2025-03-24 10:45:19,0.94,1.02,0,-0.94,216.21
2025-03-24 10:46:09,1.44,1.59,0,-1.44,214.77
2025-03-24 10:47:00,0.94,1.02,1,1.02,215.79
2025-03-24 10:48:13,1.63,1.81,1,1.81,217.6
2025-03-24 10:49:06,0.94,1.04,0,-0.94,216.66
2025-03-24 10:51:45,1.17,1.29,0,-1.17,215.49
2025-03-24 10:53:30,2.22,2.46,0,-2.22,213.27
2025-03-24 10:55:56,2.03,2.25,0,-2.03,211.24
2025-03-24 10:58:21,1.22,1.35,0,-1.22,210.02
2025-03-24 10:59:29,0.91,1.01,0,-0.91,209.11
2025-03-24 11:00:21,1.45,1.59,1,1.59,210.7
2025-03-24 11:01:05,0.93,1.01,0,-0.93,209.77
2025-03-24 11:02:38,1.57,1.74,1,1.74,211.51
2025-03-24 11:03:24,1.45,1.6,0,-1.45,210.06
2025-03-24 11:04:05,2.75,3.05,0,-2.75,207.31
2025-03-24 11:05:09,1.23,1.35,0,-1.23,206.08
2025-03-24 11:06:47,1.36,1.51,1,1.51,207.59
2025-03-24 11:07:28,2.03,2.25,0,-2.03,205.56
2025-03-24 11:08:07,2.88,3.19,1,3.19,208.75
2025-03-24 11:08:44,1.55,1.72,0,-1.55,207.2
2025-03-24 11:10:08,2.55,2.83,0,-2.55,204.65
2025-03-24 11:10:47,2.83,3.14,1,3.14,207.79
2025-03-24 11:18:02,1.62,1.79,1,1.79,209.58
2025-03-24 11:19:06,0.96,1.05,0,-0.96,208.62
2025-03-24 11:19:42,3.38,3.75,1,3.75,212.37
2025-03-24 11:21:09,2.7,2.99,1,2.99,215.36
2025-03-24 11:23:09,3.6,4.0,0,-3.6,211.76
2025-03-24 11:24:02,1.5,1.66,0,-1.5,210.26
2025-03-24 11:25:23,2.79,3.09,1,3.09,213.35
2025-03-24 11:26:20,1.59,1.76,0,-1.59,211.76
2025-03-24 11:27:30,1.62,1.79,1,1.79,213.55
2025-03-24 11:28:40,1.0,1.08,1,1.08,214.63
2025-03-24 13:47:29,2.61,2.89,0,-2.61,212.59
2025-03-24 13:49:00,1.99,2.2,1,2.2,214.79
2025-03-24 13:50:28,1.66,1.84,1,1.84,216.63
2025-03-24 13:51:29,3.35,3.72,0,-3.35,213.28
2025-03-24 13:52:51,2.12,2.35,0,-2.12,211.16
2025-03-24 13:54:11,1.71,1.89,1,1.89,213.05
2025-03-24 13:54:48,2.1,2.33,0,-2.1,210.95
2025-03-24 13:55:30,2.18,2.42,1,2.42,213.37
2025-03-24 13:56:00,2.09,2.32,0,-2.09,211.28
2025-03-24 13:56:58,2.09,2.32,0,-2.09,209.19
2025-03-24 13:58:37,1.91,2.12,1,2.12,211.31
2025-03-24 13:59:37,1.89,2.09,0,-1.89,209.42
2025-03-24 14:00:21,1.38,1.52,1,1.52,210.94
2025-03-24 14:01:11,1.85,2.05,1,2.05,212.99
2025-03-24 14:01:45,2.07,2.3,0,-2.07,210.92
2025-03-24 14:03:31,1.59,1.76,0,-1.59,209.33
2025-03-24 14:04:39,2.21,2.45,1,2.45,211.78
2025-03-24 14:05:28,0.97,1.06,1,1.06,212.84
2025-03-24 14:06:21,1.68,1.86,1,1.86,214.7
2025-03-24 14:07:03,1.6,1.77,0,-1.6,213.1
2025-03-24 14:08:04,1.82,2.02,0,-1.82,211.28
2025-03-24 14:08:38,2.35,2.6,0,-2.35,208.93
2025-03-24 14:09:44,2.22,2.46,1,2.46,211.39
2025-03-24 14:10:37,3.32,3.68,0,-3.32,208.07
2025-03-24 14:11:58,2.54,2.82,1,2.82,210.89
2025-03-24 14:13:00,1.56,1.72,1,1.72,212.61
2025-03-24 14:16:53,2.41,2.67,1,2.67,212.87
2025-03-24 14:17:54,0.95,1.05,1,1.05,213.92
2025-03-24 14:19:00,1.56,1.72,1,1.72,215.64
2025-03-24 14:19:34,2.03,2.25,0,-2.03,213.61
2025-03-24 14:24:05,1.35,1.49,1,1.49,215.1
2025-03-24 14:25:09,1.9,2.1,0,-1.9,213.2
2025-03-24 14:25:46,0.0,2.01,1,2.01,215.21
2025-03-24 14:27:32,2.54,2.82,0,-2.54,219.85
2025-03-24 14:30:15,3.06,3.4,1,3.4,223.25
2025-03-24 14:30:44,3.06,3.4,0,-3.06,220.19
2025-03-24 14:31:15,2.59,2.87,0,-2.59,217.6
2025-03-24 14:31:47,1.93,2.14,0,-1.93,215.67
2025-03-24 14:34:23,1.35,1.48,0,-1.35,214.32
2025-03-24 14:38:04,2.01,2.23,1,2.23,214.99
2025-03-24 14:40:44,2.18,2.42,1,2.42,217.41
2025-03-24 14:45:02,2.16,2.39,1,2.39,219.8
2025-03-24 14:46:41,2.34,2.59,0,-2.34,213.59
2025-03-24 14:47:26,2.1,2.33,0,-2.1,211.49
2025-03-24 14:50:17,2.14,2.37,1,2.37,221.68
2025-03-24 14:53:55,1.66,1.84,1,1.84,223.52
2025-03-24 14:54:25,2.27,2.52,0,-2.27,221.25
2025-03-24 15:31:32,1.86,2.06,1,2.06,223.31
2025-03-24 15:52:55,2.88,3.19,1,3.19,226.5
2025-03-24 15:58:30,3.01,3.34,0,-3.01,223.49
2025-03-24 16:01:33,1.49,1.65,0,-1.49,222.0
2025-03-24 16:09:05,2.83,3.14,1,3.14,225.14
2025-03-24 16:31:19,3.73,4.14,1,4.14,229.27
2025-03-24 16:36:32,0.93,1.02,0,-0.93,228.34
2025-03-24 16:37:10,0.93,1.02,0,-0.93,227.41
2025-03-24 16:37:49,2.69,2.98,0,-2.69,224.72
2025-03-24 16:38:34,1.23,1.34,0,-1.23,223.49
2025-03-24 16:41:53,2.77,3.07,1,3.07,223.49
2025-03-24 16:42:42,0.94,1.02,0,-0.94,225.62
2025-03-24 16:44:33,2.01,2.23,0,-2.01,223.61
2025-03-24 16:45:41,0.98,1.07,1,1.07,224.68
2025-03-24 16:47:27,2.47,2.74,1,2.74,227.42
2025-03-24 16:48:09,1.9,2.11,0,-1.9,225.52
2025-03-24 16:49:06,2.01,2.23,1,2.23,227.75
2025-03-24 16:52:47,1.04,1.15,1,1.15,228.9
2025-03-24 16:53:42,2.26,2.51,0,-2.26,226.64
2025-03-24 17:03:35,3.68,4.08,0,-3.68,222.96
2025-03-24 17:06:34,3.69,4.09,1,4.09,227.05
2025-03-24 17:14:21,1.45,1.59,0,-1.45,225.6
2025-03-24 17:16:26,1.41,1.55,1,1.55,227.15
2025-03-24 17:17:27,1.45,1.61,1,1.61,228.76
2025-03-24 17:18:23,1.81,2.0,1,2.0,230.76
2025-03-24 17:20:47,2.07,2.29,0,-2.07,228.69
2025-03-24 17:21:57,1.85,2.05,0,-1.85,226.84
2025-03-24 17:22:33,3.51,3.9,0,-3.51,223.33
2025-03-24 17:23:17,2.35,2.6,1,2.6,225.93
2025-03-24 17:24:12,3.55,3.94,0,-3.55,222.38
2025-03-24 17:25:10,3.36,3.73,1,3.73,226.11
2025-03-24 17:26:15,3.5,3.88,0,-3.5,222.61
2025-03-24 17:26:54,2.35,2.61,0,-2.35,220.26
2025-03-24 17:29:11,1.08,1.18,1,1.18,221.44
2025-03-24 17:30:00,1.04,1.13,1,1.13,222.57
2025-03-24 17:30:29,1.52,1.68,0,-1.52,221.05
2025-03-24 17:31:00,2.13,2.36,0,-2.13,218.92
2025-03-24 17:32:24,3.02,3.35,0,-3.02,215.9
2025-03-24 17:34:00,1.9,2.1,0,-1.9,214.0
2025-03-24 17:34:46,2.98,3.31,0,-2.98,211.02
2025-03-24 17:36:51,1.42,1.56,1,1.56,212.58
2025-03-24 17:38:53,1.06,1.15,0,-1.06,211.52
2025-03-24 17:39:32,1.99,2.21,1,2.21,213.73
2025-03-24 17:42:35,1.54,1.71,1,1.71,215.44
2025-03-24 18:21:46,1.87,2.07,0,-1.87,213.57
2025-03-24 18:23:51,2.71,3.01,1,3.01,216.58
2025-03-24 18:24:48,3.55,3.94,1,3.94,220.52
2025-03-24 19:39:17,2.59,2.87,1,2.87,223.39
2025-03-24 19:39:46,1.06,1.15,0,-1.06,222.33
2025-03-24 19:40:24,2.01,2.23,0,-2.01,220.32
2025-03-24 19:41:06,3.35,3.72,0,-3.35,216.97
2025-03-24 19:43:47,3.11,3.45,1,3.45,220.42
2025-03-24 19:44:39,3.73,4.14,0,-3.73,216.69
2025-03-24 19:45:36,3.79,4.21,1,4.21,220.9
2025-03-24 19:46:36,1.62,1.79,0,-1.62,219.28
2025-03-24 19:47:20,0.91,1.01,0,-0.91,218.37
2025-03-24 19:48:55,1.69,1.87,0,-1.69,216.68
2025-03-24 19:49:34,1.98,2.19,1,2.19,218.87
2025-03-24 19:50:20,3.21,3.56,1,3.56,222.43
2025-03-24 19:51:12,0.91,1.01,1,1.01,223.44
2025-03-24 19:51:49,1.2,1.3,1,1.3,224.74
2025-03-24 19:53:22,1.64,1.82,1,1.82,226.56
2025-03-24 19:54:27,1.35,1.47,0,-1.35,225.21
2025-03-24 19:55:05,2.77,3.07,1,3.07,228.28
2025-03-24 19:55:44,3.36,3.73,1,3.73,232.01
2025-03-24 19:58:06,1.42,1.56,1,1.56,233.57
2025-03-24 20:00:18,2.99,3.32,1,3.32,236.89
2025-03-24 20:00:52,2.65,2.94,0,-2.65,234.24
2025-03-24 20:03:48,2.04,2.26,1,2.26,236.5
2025-03-24 20:04:49,2.21,2.45,1,2.45,238.95
2025-03-24 20:06:14,1.6,1.77,1,1.77,240.72
2025-03-24 20:07:06,2.44,2.7,0,-2.44,238.28
2025-03-24 20:10:52,3.72,4.13,1,4.13,242.15
2025-03-24 20:13:09,2.17,2.41,1,2.41,244.56
2025-03-24 20:14:20,1.55,1.72,1,1.72,246.28
2025-03-24 20:15:16,3.58,3.97,1,3.97,250.25
2025-03-24 20:16:32,0.95,1.05,1,1.05,251.3
2025-03-24 20:17:29,1.7,1.88,1,1.88,253.18
2025-03-24 20:18:24,0.95,1.05,1,1.05,254.23
2025-03-24 20:19:47,3.78,4.19,0,-3.78,250.45
2025-03-24 20:21:16,2.32,2.57,0,-2.32,248.13
2025-03-24 20:23:16,3.12,3.46,1,3.46,251.59
2025-03-24 20:24:15,1.11,1.22,1,1.22,252.81
2025-03-24 20:27:46,3.81,4.23,0,-3.81,249.0
2025-03-24 20:28:55,1.6,1.76,0,-1.6,247.4
2025-03-24 20:36:59,1.52,1.68,0,-1.52,245.88
2025-03-24 20:39:03,1.28,1.42,0,-1.28,244.6
2025-03-24 20:39:51,1.05,1.14,1,1.14,245.74
2025-03-24 20:43:37,1.45,1.61,1,1.61,247.35
2025-03-24 20:45:30,1.92,2.13,0,-1.92,245.43
2025-03-24 20:46:55,3.17,3.52,1,3.52,248.95
2025-03-24 20:49:47,1.65,1.83,1,1.83,250.78
2025-03-24 20:51:16,0.95,1.04,1,1.04,251.82
2025-03-24 20:51:49,1.79,1.98,0,-1.79,250.03
2025-03-24 20:53:46,3.35,3.72,0,-3.35,246.68
2025-03-24 20:54:42,3.59,3.98,0,-3.59,243.09
2025-03-24 20:55:30,2.08,2.3,0,-2.08,241.01
2025-03-24 20:56:16,1.65,1.83,1,1.83,242.84
2025-03-24 20:57:48,3.14,3.48,1,3.48,246.32
2025-03-24 20:58:27,1.62,1.79,0,-1.62,244.7
2025-03-24 20:59:19,3.07,3.41,1,3.41,248.11
2025-03-24 21:00:17,2.36,2.62,1,2.62,250.73
2025-03-24 21:01:14,1.63,1.81,0,-1.63,249.1
2025-03-24 21:01:56,2.99,3.32,1,3.32,252.42
2025-03-24 21:03:09,1.58,1.75,0,-1.58,250.84
2025-03-24 21:06:04,2.06,2.28,0,-2.06,248.78
2025-03-24 21:06:52,3.59,3.98,1,3.98,252.76
2025-03-24 21:08:14,3.0,3.33,1,3.33,256.09
2025-03-24 21:08:54,0.92,1.02,1,1.02,257.11
2025-03-24 21:10:05,3.51,3.9,1,3.9,261.01
2025-03-24 21:12:15,3.83,4.25,0,-3.83,257.18
2025-03-24 21:17:51,1.0,1.08,1,1.08,258.26
2025-03-24 21:19:27,1.8,1.99,1,1.99,260.25
2025-03-24 21:21:06,1.48,1.63,1,1.63,261.88
2025-03-24 21:22:11,1.36,1.49,0,-1.36,260.52
2025-03-24 21:25:48,1.99,2.21,0,-1.99,258.53
2025-03-24 21:28:58,1.42,1.53,0,-1.42,257.11
2025-03-24 21:29:58,1.02,1.12,1,1.12,258.23
2025-03-24 21:31:41,0.92,1.02,1,1.02,259.25
2025-03-24 21:33:43,2.04,2.26,1,2.26,261.51
2025-03-24 21:34:22,3.66,4.06,0,-3.66,257.85
2025-03-24 21:35:46,1.0,1.08,0,-1.0,256.85
2025-03-24 21:36:34,3.06,3.39,0,-3.06,253.79
2025-03-24 21:37:11,3.66,4.06,0,-3.66,250.13
2025-03-24 21:38:58,1.58,1.75,1,1.75,251.88
2025-03-24 21:39:59,3.55,3.94,1,3.94,255.82
2025-03-24 21:40:42,2.61,2.89,0,-2.61,253.21
2025-03-24 21:44:12,2.69,2.98,0,-2.69,250.52
2025-03-24 21:45:01,3.66,4.06,1,4.06,254.58
2025-03-24 21:46:37,2.43,2.69,0,-2.43,252.15
2025-03-24 21:47:25,1.46,1.58,0,-1.46,250.69
2025-03-24 21:49:30,1.95,2.16,0,-1.95,248.74
2025-03-24 21:53:33,2.92,3.24,0,-2.92,245.82
2025-03-24 21:55:36,3.33,3.69,1,3.69,249.51
2025-03-24 21:58:05,3.66,4.06,1,4.06,253.57
2025-03-24 21:59:27,3.79,4.21,1,4.21,257.78
2025-03-24 22:01:12,3.33,3.69,1,3.69,261.47
2025-03-24 22:03:34,3.3,3.66,0,-3.3,258.17
2025-03-24 22:04:18,3.32,3.68,1,3.68,261.85
2025-03-24 22:07:48,2.97,3.29,1,3.29,265.14
2025-03-24 22:09:34,1.81,2.01,1,2.01,267.15
2025-03-24 22:10:44,3.03,3.36,0,-3.03,264.12
2025-03-24 22:12:59,3.79,4.21,1,4.21,268.33
2025-03-24 22:14:58,2.36,2.62,0,-2.36,265.97
2025-03-24 22:16:06,3.03,3.36,0,-3.03,262.94
2025-03-24 22:17:12,3.24,3.59,1,3.59,266.53
2025-03-24 22:20:04,3.56,3.95,0,-3.56,262.97
2025-03-24 22:21:05,2.36,2.62,1,2.62,265.59
2025-03-24 22:23:23,1.46,1.58,0,-1.46,264.13
2025-03-24 22:24:00,2.71,3.01,0,-2.71,261.42
2025-03-24 22:24:50,1.46,1.58,1,1.58,263.0
2025-03-24 22:25:27,1.19,1.28,0,-1.19,261.81
2025-03-24 22:26:03,1.48,1.64,0,-1.48,260.33
2025-03-24 22:26:50,2.71,3.0,0,-2.71,257.62
2025-03-24 22:27:28,1.48,1.64,1,1.64,259.26
2025-03-24 22:28:59,1.26,1.36,1,1.36,260.62
2025-03-24 22:29:44,2.03,2.25,1,2.25,262.87
2025-03-24 22:30:16,3.74,4.15,0,-3.74,259.13
2025-03-24 22:31:49,1.36,1.48,1,1.48,260.61
2025-03-24 22:32:52,1.55,1.72,1,1.72,262.33
2025-03-24 22:33:26,1.55,1.72,0,-1.55,260.78
2025-03-24 22:34:10,2.71,3.0,0,-2.71,258.07
2025-03-24 22:35:19,1.56,1.72,0,-1.56,256.51
2025-03-24 22:37:00,3.84,4.26,0,-3.84,252.67
2025-03-24 22:38:25,2.13,2.36,0,-2.13,250.54
2025-03-24 22:39:37,3.41,3.78,0,-3.41,247.13
2025-03-24 22:40:33,3.17,3.52,0,-3.17,243.96
2025-03-24 22:42:55,1.57,1.72,1,1.72,245.68
2025-03-24 22:43:37,3.42,3.8,1,3.8,249.48
2025-03-24 22:44:16,1.57,1.72,0,-1.57,247.91
2025-03-24 22:45:23,1.46,1.57,1,1.57,249.48
2025-03-24 22:45:55,3.7,4.11,0,-3.7,245.78
2025-03-24 22:47:14,1.5,1.66,1,1.66,247.44
2025-03-24 22:47:48,3.55,3.94,0,-3.55,243.89
2025-03-24 22:52:01,3.35,3.72,1,3.72,247.61
2025-03-24 22:54:22,0.93,1.03,0,-0.93,246.68
2025-03-24 22:54:56,1.77,1.96,0,-1.77,244.91
2025-03-24 22:55:42,2.68,2.97,0,-2.68,242.23
2025-03-24 22:59:16,3.01,3.34,1,3.34,245.57
2025-03-24 23:00:27,1.89,2.07,0,-1.89,243.68
2025-03-24 23:01:14,3.57,3.96,0,-3.57,240.11
2025-03-24 23:01:52,3.7,4.11,0,-3.7,236.41
2025-03-24 23:02:37,1.75,1.94,0,-1.75,234.66
2025-03-24 23:03:41,3.62,4.02,0,-3.62,231.04
2025-03-24 23:04:42,3.53,3.92,0,-3.53,227.51
2025-03-24 23:05:51,1.83,1.99,1,1.99,229.5
2025-03-24 23:06:57,3.31,3.67,1,3.67,233.17
2025-03-24 23:07:47,3.31,3.67,1,3.67,236.84
2025-03-24 23:11:16,3.65,4.05,0,-3.65,233.19
2025-03-24 23:13:41,3.61,4.01,0,-3.61,229.58
2025-03-24 23:14:19,1.92,2.07,1,2.07,231.65
2025-03-24 23:15:06,1.86,2.06,1,2.06,233.71
2025-03-24 23:15:51,3.39,3.76,1,3.76,237.47
2025-03-24 23:16:37,1.67,1.83,1,1.83,239.3
2025-03-24 23:17:16,1.49,1.63,1,1.63,240.93
2025-03-24 23:18:12,2.92,3.24,0,-2.92,238.01
2025-03-24 23:19:27,2.14,2.33,0,-2.14,235.87
2025-03-24 23:21:19,3.31,3.67,1,3.67,239.54
2025-03-24 23:22:14,1.63,1.81,1,1.81,241.35
2025-03-24 23:24:43,1.71,1.89,0,-1.71,239.64
2025-03-24 23:25:29,3.25,3.6,1,3.6,243.24
2025-03-24 23:27:12,3.16,3.51,1,3.51,246.75
2025-03-24 23:27:56,2.46,2.73,1,2.73,249.48
2025-03-24 23:28:37,2.21,2.45,1,2.45,251.93
2025-03-24 23:29:17,1.67,1.83,1,1.83,253.76
2025-03-24 23:30:01,1.95,2.16,0,-1.95,251.81
2025-03-24 23:31:48,1.52,1.68,0,-1.52,250.29
2025-03-24 23:32:16,2.11,2.34,0,-2.11,248.18
2025-03-24 23:33:27,1.46,1.62,0,-1.46,246.72
2025-03-24 23:35:16,3.37,3.74,0,-3.37,243.35
2025-03-24 23:35:57,1.54,1.71,1,1.71,245.06
2025-03-24 23:36:52,2.26,2.5,0,-2.26,242.8
2025-03-24 23:39:04,3.3,3.66,0,-3.3,239.5
2025-03-24 23:40:03,1.77,1.93,0,-1.77,237.73
2025-03-24 23:42:40,1.54,1.7,1,1.7,239.43
2025-03-24 23:43:26,3.74,4.15,0,-3.74,235.69
2025-03-24 23:43:57,2.24,2.48,0,-2.24,233.45
2025-03-25 07:33:55,3.69,4.09,1,4.09,237.37
2025-03-25 07:34:26,1.48,1.63,0,-1.48,235.89
2025-03-25 07:35:16,1.5,1.66,1,1.66,237.55
2025-03-25 07:39:36,2.44,2.71,0,-2.44,235.11
2025-03-25 07:43:31,1.53,1.69,0,-1.53,233.58
2025-03-25 07:44:03,2.9,3.22,0,-2.9,230.68
2025-03-25 07:44:51,1.87,2.06,1,2.06,232.74
2025-03-25 07:51:55,3.5,3.88,0,-3.5,229.24
2025-03-25 07:53:06,3.15,3.5,0,-3.15,226.09
2025-03-25 07:54:44,1.01,1.09,0,-1.01,225.08
2025-03-25 07:56:07,1.01,1.09,1,1.09,226.17
2025-03-25 07:56:48,1.56,1.73,0,-1.56,224.61
2025-03-25 07:59:43,1.85,2.05,0,-1.85,222.76
2025-03-25 08:00:43,3.52,3.9,1,3.9,226.66
2025-03-25 08:01:21,3.18,3.53,0,-3.18,223.48
2025-03-25 08:02:06,1.9,2.1,1,2.1,225.58
2025-03-25 08:05:15,2.7,2.99,0,-2.7,222.88
2025-03-25 08:14:48,2.63,2.92,0,-2.63,220.18
2025-03-25 08:17:58,3.29,3.65,1,3.65,223.83
2025-03-25 08:20:00,2.61,2.9,0,-2.61,221.22
2025-03-25 08:21:12,2.33,2.58,0,-2.33,218.89
2025-03-25 08:22:29,2.1,2.33,1,2.33,221.22
2025-03-25 08:27:17,2.55,2.83,1,2.83,224.05
2025-03-25 08:28:04,1.01,1.1,1,1.1,225.15
2025-03-25 08:32:52,3.63,4.03,0,-3.63,221.52
2025-03-25 08:34:46,1.44,1.58,1,1.58,223.1
2025-03-25 08:35:33,3.27,3.63,1,3.63,226.73
2025-03-25 08:37:44,3.63,4.03,0,-3.63,223.1
2025-03-25 08:39:56,2.5,2.77,0,-2.5,220.6
2025-03-25 08:45:02,1.9,2.1,0,-1.9,218.7
2025-03-25 08:49:30,1.8,1.98,0,-1.8,216.9
2025-03-25 08:50:03,1.81,1.93,0,-1.81,215.09
2025-03-25 08:50:36,3.22,3.57,0,-3.22,211.87
2025-03-25 08:53:57,1.71,1.86,0,-1.71,210.16
2025-03-25 08:56:04,1.71,1.86,1,1.86,212.02
2025-03-25 08:58:09,3.28,3.64,1,3.64,215.66
2025-03-25 09:01:38,1.0,1.07,0,-1.0,214.66
2025-03-25 09:04:22,2.91,3.22,1,3.22,217.88
2025-03-25 09:05:15,1.63,1.81,0,-1.63,216.25
2025-03-25 09:06:32,1.81,2.0,0,-1.81,214.44
2025-03-25 09:07:13,3.43,3.81,0,-3.43,211.01
2025-03-25 09:09:58,2.23,2.46,0,-2.23,208.78
2025-03-25 09:13:33,0.93,1.03,0,-0.93,207.85
2025-03-25 09:14:56,2.94,3.26,0,-2.94,204.91
2025-03-25 09:16:23,2.47,2.74,0,-2.47,202.44
2025-03-25 09:17:52,1.87,2.06,0,-1.87,200.57
2025-03-25 09:18:53,2.49,2.68,0,-2.49,198.08
2025-03-25 09:21:07,2.94,3.26,1,3.26,201.34
2025-03-25 09:21:46,2.71,3.0,1,3.0,204.34
2025-03-25 09:22:20,2.74,3.04,0,-2.74,201.6
2025-03-25 09:24:34,3.47,3.85,0,-3.47,198.13
2025-03-25 09:26:42,2.36,2.58,0,-2.36,195.77
2025-03-25 09:28:30,2.16,2.36,0,-2.16,193.61
2025-03-25 09:29:19,2.4,2.58,1,2.58,196.19
2025-03-25 09:30:08,1.99,2.16,0,-1.99,194.2
2025-03-25 09:32:26,2.72,2.97,1,2.97,197.17
2025-03-25 09:33:59,3.07,3.41,0,-3.07,194.1
2025-03-25 09:35:16,3.61,4.0,0,-3.61,190.49
2025-03-25 09:36:14,2.62,2.89,0,-2.62,187.87
2025-03-25 09:38:32,1.82,1.97,1,1.97,189.84
2025-03-25 09:39:15,1.91,2.12,1,2.12,191.96
2025-03-25 09:39:59,3.76,4.17,0,-3.76,188.2
2025-03-25 09:41:18,2.46,2.73,0,-2.46,185.74
2025-03-25 09:42:52,3.67,4.07,0,-3.67,182.07
2025-03-25 09:46:03,2.12,2.26,0,-2.12,179.95
2025-03-25 09:47:46,2.21,2.39,1,2.39,182.34
2025-03-25 09:49:43,2.6,2.88,0,-2.6,179.74
2025-03-25 10:00:36,1.91,2.12,1,2.12,181.86
2025-03-25 10:05:14,1.78,1.9,0,-1.78,180.08
2025-03-25 10:05:41,1.71,1.89,0,-1.71,178.37
2025-03-25 10:06:29,1.71,1.87,1,1.87,180.24
2025-03-25 10:09:40,2.3,2.55,0,-2.3,177.94
2025-03-25 10:11:29,2.83,3.14,0,-2.83,175.11
2025-03-25 10:12:36,1.15,1.24,0,-1.15,173.96
2025-03-25 10:13:15,2.21,2.39,1,2.39,176.35
2025-03-25 10:14:27,2.27,2.51,1,2.51,178.86
2025-03-25 10:16:42,1.82,2.0,0,-1.82,177.04
2025-03-25 10:17:55,2.8,3.11,0,-2.8,174.24
2025-03-25 10:19:14,1.87,2.0,0,-1.87,172.37
2025-03-25 10:19:48,3.49,3.87,0,-3.49,168.88
2025-03-25 10:20:46,2.74,3.0,1,3.0,171.88
2025-03-25 10:21:53,3.61,3.99,1,3.99,175.87
2025-03-25 10:24:25,2.97,3.28,1,3.28,179.15
2025-03-25 10:25:51,1.91,2.1,0,-1.91,177.24
2025-03-25 10:28:26,2.83,3.14,0,-2.83,174.41
2025-03-25 10:29:15,1.87,2.0,1,2.0,176.41
2025-03-25 10:29:59,2.85,3.16,1,3.16,179.57
2025-03-25 10:33:06,2.34,2.55,1,2.55,182.12
2025-03-25 10:34:54,1.99,2.21,1,2.21,184.33
2025-03-25 10:36:02,1.87,2.0,0,-1.87,182.46
2025-03-25 10:37:35,1.62,1.78,1,1.78,184.24
2025-03-25 10:38:57,1.91,2.12,1,2.12,186.36
2025-03-25 10:39:47,1.59,1.74,0,-1.59,184.77
2025-03-25 10:40:30,2.2,2.44,0,-2.2,182.57
2025-03-25 10:41:58,1.89,2.03,0,-1.89,180.68
2025-03-25 10:43:30,1.71,1.86,0,-1.71,178.97
2025-03-25 10:44:48,3.79,4.2,1,4.2,183.17
2025-03-25 10:45:16,2.25,2.49,0,-2.25,180.92
2025-03-25 10:46:18,2.72,3.02,0,-2.72,178.2
2025-03-25 10:47:09,1.88,2.0,1,2.0,180.2
2025-03-25 10:48:23,2.11,2.34,1,2.34,182.54
2025-03-25 10:50:06,3.14,3.48,0,-3.14,179.4
2025-03-25 10:51:48,2.54,2.82,1,2.82,182.22
2025-03-25 10:52:56,2.21,2.44,0,-2.21,180.01
2025-03-25 10:54:32,2.37,2.63,1,2.63,182.64
2025-03-25 10:55:09,1.63,1.8,0,-1.63,181.01
2025-03-25 10:55:42,2.27,2.49,0,-2.27,178.74
2025-03-25 10:57:42,1.53,1.68,1,1.68,180.42
2025-03-25 10:58:20,1.92,2.11,1,2.11,182.53
2025-03-25 11:02:36,3.69,4.09,1,4.09,186.62
2025-03-25 11:03:13,2.4,2.6,0,-2.4,184.22
2025-03-25 11:04:22,3.37,3.74,1,3.74,187.96
2025-03-25 11:05:53,1.92,2.11,1,2.11,190.07
2025-03-25 11:06:36,1.53,1.67,1,1.67,191.74
2025-03-25 11:08:25,2.28,2.49,1,2.49,194.23
2025-03-25 11:09:30,1.75,1.92,1,1.92,196.15
2025-03-25 11:11:47,1.91,2.12,0,-1.91,194.24
2025-03-25 11:12:54,1.75,1.91,0,-1.75,192.49
2025-03-25 11:17:04,2.28,2.52,0,-2.28,190.21
2025-03-25 11:18:26,2.83,3.12,0,-2.83,187.38
2025-03-25 11:19:48,2.49,2.67,0,-2.49,184.89
2025-03-25 11:25:42,2.21,2.45,0,-2.21,182.68
2025-03-25 11:28:51,1.49,1.63,1,1.63,184.31
2025-03-25 11:31:09,2.83,3.14,1,3.14,187.45
2025-03-25 11:31:38,3.13,3.47,0,-3.13,184.32
2025-03-25 11:32:52,2.08,2.31,0,-2.08,182.24
2025-03-25 11:36:24,2.33,2.56,0,-2.33,179.91
2025-03-25 11:37:02,1.92,2.11,1,2.11,182.02
2025-03-25 11:39:31,2.34,2.53,1,2.53,184.55
2025-03-25 11:42:12,2.23,2.47,1,2.47,187.02
2025-03-25 11:47:12,3.55,3.94,1,3.94,190.96
2025-03-25 11:49:56,3.01,3.34,1,3.34,194.3
2025-03-25 11:50:30,3.06,3.39,0,-3.06,191.24
2025-03-25 11:53:50,2.57,2.85,1,2.85,194.09
2025-03-25 11:55:05,2.49,2.76,0,-2.49,191.6
2025-03-25 11:56:03,1.38,1.5,0,-1.38,190.22
2025-03-25 11:57:52,2.76,3.06,0,-2.76,187.46
2025-03-25 11:58:36,0.98,1.05,0,-0.98,186.48
2025-03-25 12:04:17,3.77,4.18,1,4.18,190.66
2025-03-25 12:04:58,2.6,2.88,1,2.88,193.54
2025-03-25 12:14:35,2.77,3.05,0,-2.77,190.77
2025-03-25 12:16:38,2.68,2.97,1,2.97,193.74
2025-03-25 12:18:44,1.06,1.16,1,1.16,194.79
2025-03-25 12:19:25,2.98,3.31,0,-2.98,191.81
2025-03-25 12:24:42,3.8,4.22,0,-3.8,188.01
2025-03-25 12:46:27,1.38,1.49,1,1.49,189.5
2025-03-25 12:47:47,1.9,2.07,0,-1.9,187.6
2025-03-25 12:48:22,3.59,3.98,1,3.98,191.58
2025-03-25 12:49:09,3.58,3.97,1,3.97,195.55
2025-03-25 12:50:02,2.54,2.8,0,-2.54,193.01
2025-03-25 12:50:55,3.17,3.52,0,-3.17,189.84
2025-03-25 12:54:12,1.21,1.31,1,1.31,191.15
2025-03-25 12:55:39,1.85,1.98,0,-1.85,189.3
2025-03-25 12:59:10,1.93,2.08,0,-1.93,187.37
2025-03-25 13:00:07,3.61,4.01,0,-3.61,183.76
2025-03-25 13:05:27,1.57,1.74,0,-1.57,182.19
2025-03-25 13:06:08,2.98,3.31,0,-2.98,179.21
2025-03-25 13:08:38,2.7,2.98,0,-2.7,176.51
2025-03-25 13:33:57,1.68,1.83,0,-1.68,174.83
2025-03-25 13:40:35,2.07,2.26,1,2.26,177.09
2025-03-25 13:41:57,2.55,2.8,1,2.8,179.89
2025-03-25 13:43:02,2.21,2.37,0,-2.21,177.68
2025-03-25 13:44:01,0.94,1.04,1,1.04,178.72
2025-03-25 13:45:06,1.97,2.18,0,-1.97,176.75
2025-03-25 13:45:43,1.76,1.95,0,-1.76,174.99
2025-03-25 13:46:31,2.21,2.37,1,2.37,177.36
2025-03-25 13:49:51,1.99,2.2,1,2.2,179.56
2025-03-25 16:06:30,1.53,1.64,1,1.64,181.2
2025-03-25 16:07:15,0.94,1.04,1,1.04,182.24
2025-03-25 16:07:46,1.1,1.19,0,-1.1,181.14
2025-03-25 16:33:08,0.99,1.07,1,1.07,181.54
2025-03-25 16:33:48,2.58,2.86,0,-2.58,178.96
2025-03-25 16:35:53,1.99,2.21,0,-1.99,176.97
2025-03-25 16:38:30,1.73,1.89,0,-1.73,175.24
2025-03-25 16:43:32,1.61,1.73,0,-1.61,173.63
2025-03-25 16:45:15,0.99,1.07,0,-0.99,172.64
2025-03-25 16:46:05,2.46,2.73,0,-2.46,170.18
2025-03-25 16:51:07,2.47,2.74,1,2.74,172.92
2025-03-25 16:52:05,1.07,1.17,0,-1.07,171.85
2025-03-25 16:52:54,2.09,2.24,1,2.24,174.09
2025-03-25 20:25:14,1.17,1.28,1,1.28,175.24
2025-03-25 20:26:39,3.31,3.67,0,-3.31,171.93
2025-03-25 20:39:54,4.6,5.1,0,-4.6,167.33
2025-03-25 20:41:51,2.72,2.97,0,-2.72,164.61
2025-03-26 09:45:57,3.64,4.04,1,4.04,168.55
2025-03-26 09:53:33,1.32,1.43,0,-1.32,167.23
2025-03-26 09:54:44,2.49,2.75,1,2.75,169.98
2025-03-26 09:57:53,3.54,3.9,1,3.9,173.88
2025-03-26 10:02:58,3.09,3.42,0,-3.09,170.79
2025-03-26 10:04:47,2.76,3.02,1,3.02,173.81
2025-03-26 10:05:18,2.83,3.1,0,-2.83,170.98
2025-03-26 10:09:20,1.95,2.16,1,2.16,173.14
2025-03-26 10:20:23,3.16,3.51,0,-3.16,169.98
2025-03-26 10:22:00,3.48,3.85,0,-3.48,166.5
2025-03-26 10:23:54,1.62,1.79,0,-1.62,164.88
2025-03-26 10:24:26,3.07,3.41,1,3.41,168.29
2025-03-26 10:25:45,3.98,4.36,0,-3.98,164.31
2025-03-26 10:28:19,1.99,2.14,1,2.14,166.45
2025-03-26 10:30:12,2.76,2.95,1,2.95,169.4
2025-03-26 10:30:53,2.81,3.09,1,3.09,172.49
2025-03-26 10:32:00,3.19,3.43,0,-3.19,169.3
2025-03-26 10:38:08,2.18,2.42,0,-2.18,167.12
2025-03-26 10:42:36,1.02,1.11,1,1.11,168.23
2025-03-26 10:50:36,3.85,4.22,1,4.22,172.45
2025-03-26 10:51:52,0.99,1.09,0,-0.99,171.46
2025-03-26 10:57:29,2.3,2.54,0,-2.3,169.16
2025-03-26 11:02:48,4.77,5.29,1,5.29,174.45
2025-03-26 11:03:35,4.5,4.99,0,-4.5,169.95
2025-03-26 11:05:59,4.51,5.0,1,5.0,174.95
2025-03-26 11:34:42,3.77,4.13,1,4.13,179.08
2025-03-26 11:38:18,4.7,5.22,0,-4.7,174.38
2025-03-26 11:41:31,1.42,1.56,1,1.56,175.94
2025-03-26 12:01:39,3.82,4.24,1,4.24,180.18
2025-03-26 12:15:10,3.89,4.32,1,4.32,184.5
2025-03-26 12:17:30,4.04,4.48,0,-4.04,180.46
2025-03-26 14:15:37,3.19,3.51,1,3.51,184.08
2025-03-26 14:17:35,3.02,3.35,0,-3.02,181.06
2025-03-26 15:50:28,3.77,4.12,0,-3.77,177.29
2025-03-26 15:52:09,4.26,4.73,0,-4.26,173.03
2025-03-26 15:56:40,3.53,3.92,0,-3.53,169.5
2025-03-26 16:10:51,2.7,2.99,1,2.99,172.49
2025-03-26 18:56:38,2.89,3.21,1,3.21,178.4
2025-03-26 19:03:26,3.01,3.34,0,-3.01,175.39
2025-03-26 19:03:56,3.31,3.67,0,-3.31,172.08
2025-03-26 19:04:46,3.77,4.08,0,-3.77,168.31
2025-03-26 19:06:43,1.99,2.2,0,-1.99,166.32
2025-03-26 19:09:25,3.75,4.16,0,-3.75,162.57
2025-03-26 19:11:29,3.61,4.01,0,-3.61,158.96
2025-03-26 19:12:00,3.34,3.7,0,-3.34,155.62
2025-03-26 19:13:31,3.62,4.02,1,4.02,159.64
2025-03-26 19:19:33,2.65,2.94,1,2.94,162.58
2025-03-26 19:45:52,0.99,1.06,0,-0.99,161.59
2025-03-26 19:47:28,0.99,1.06,1,1.06,162.65
2025-03-26 20:47:18,1.82,2.02,0,-1.82,160.9
2025-03-26 20:52:41,3.57,3.96,1,3.96,164.86
2025-03-26 20:56:16,4.55,5.05,0,-4.55,159.33
2025-03-26 20:57:00,1.74,1.88,1,1.88,161.21
2025-03-26 20:58:13,0.99,1.09,0,-0.99,160.22
2025-03-26 20:58:54,2.97,3.3,1,3.3,163.52
2025-03-26 21:01:35,1.02,1.13,0,-1.02,162.5
2025-03-26 21:03:35,3.27,3.59,1,3.59,166.09
2025-03-26 21:05:18,1.81,2.01,0,-1.81,164.28
2025-03-26 21:06:04,3.44,3.82,1,3.82,168.1
2025-03-26 21:07:58,4.47,4.96,1,4.96,173.06
2025-03-26 21:12:03,1.8,1.95,1,1.95,175.01
2025-03-26 21:13:23,1.8,1.99,1,1.99,177.0
2025-03-26 21:24:16,1.6,1.76,1,1.76,178.76
2025-03-26 21:25:12,3.94,4.37,1,4.37,183.13
2025-03-26 21:29:55,1.02,1.12,1,1.12,184.25
2025-03-26 21:30:46,2.33,2.58,1,2.58,186.83
2025-03-26 21:32:16,3.88,4.3,0,-3.88,182.95
2025-03-26 21:33:40,2.77,3.07,1,3.07,186.02
2025-03-26 21:34:59,2.72,3.02,0,-2.72,183.3
2025-03-26 21:36:16,1.02,1.12,1,1.12,184.42
2025-03-26 21:39:47,2.11,2.31,1,2.31,186.73
2025-03-26 21:41:24,1.6,1.76,0,-1.6,185.13
2025-03-26 21:42:28,2.11,2.31,0,-2.11,183.02
2025-03-26 21:44:11,1.3,1.44,1,1.44,184.46
2025-03-26 21:45:19,3.15,3.5,0,-3.15,181.31
2025-03-26 21:51:00,2.99,3.32,1,3.32,184.47
2025-03-26 21:52:24,1.01,1.1,1,1.1,185.57
2025-03-26 21:54:45,1.86,2.06,0,-1.86,183.71
2025-03-26 21:56:14,3.53,3.92,1,3.92,187.63
2025-03-26 22:02:39,3.09,3.43,0,-3.09,184.54
2025-03-26 22:11:03,1.82,2.0,0,-1.82,182.72
2025-03-26 22:12:01,4.73,5.25,0,-4.73,177.99
2025-03-26 22:14:47,1.74,1.9,1,1.9,179.89
2025-03-26 22:16:22,4.61,5.12,1,5.12,185.01
2025-03-26 22:17:14,1.63,1.8,1,1.8,186.81
2025-03-26 22:19:26,1.46,1.59,0,-1.46,185.35
2025-03-26 22:20:17,0.95,1.03,1,1.03,186.38
2025-03-26 22:21:25,3.95,4.38,1,4.38,190.76
2025-03-26 22:22:11,1.22,1.34,0,-1.22,189.54
2025-03-27 09:32:40,4.4,4.88,1,4.88,195.12
2025-03-27 09:35:07,4.18,4.63,0,-4.18,190.94
2025-03-27 09:37:36,2.78,3.08,1,3.08,194.02
2025-03-27 09:42:12,1.76,1.95,0,-1.76,192.26
2025-03-27 09:50:07,2.07,2.28,0,-2.07,190.19
2025-03-27 09:52:08,1.06,1.16,1,1.16,191.35
2025-03-27 09:55:15,1.0,1.1,1,1.1,192.45
2025-03-27 09:56:09,4.3,4.77,0,-4.3,188.15
2025-03-27 09:57:06,4.15,4.61,1,4.61,192.76
2025-03-27 09:57:41,2.23,2.44,0,-2.23,190.53
2025-03-27 09:58:41,4.69,5.2,0,-4.69,185.84
2025-03-27 10:00:38,2.92,3.24,1,3.24,189.08
2025-03-27 10:03:30,1.09,1.18,0,-1.09,187.99
2025-03-27 10:04:42,2.07,2.27,1,2.27,190.26
2025-03-27 10:05:43,1.6,1.77,0,-1.6,188.66
2025-03-27 10:08:28,1.32,1.46,0,-1.32,187.34
2025-03-27 10:09:22,1.61,1.78,0,-1.61,185.73
2025-03-27 10:10:57,2.09,2.32,0,-2.09,183.64
2025-03-27 10:11:46,2.6,2.78,0,-2.6,181.04
2025-03-27 10:12:42,2.14,2.37,0,-2.14,178.9
2025-03-27 10:13:41,4.06,4.51,1,4.51,183.41
2025-03-27 10:14:38,1.43,1.58,0,-1.43,181.98
2025-03-27 10:15:52,3.51,3.9,0,-3.51,178.47
2025-03-27 10:16:28,1.46,1.58,1,1.58,180.05
2025-03-27 10:17:41,2.19,2.43,1,2.43,182.48
2025-03-27 10:20:25,1.39,1.54,0,-1.39,181.09
2025-03-27 10:22:08,3.59,3.98,0,-3.59,177.5
2025-03-27 10:23:12,1.41,1.53,0,-1.41,176.09
2025-03-27 10:34:35,1.03,1.14,1,1.14,177.23
2025-03-27 10:35:14,2.41,2.67,0,-2.41,174.82
2025-03-27 10:35:57,4.62,5.13,1,5.13,179.95
2025-03-27 10:37:09,2.14,2.35,0,-2.14,177.81
2025-03-27 10:38:09,4.05,4.49,1,4.49,182.3
2025-03-27 10:38:59,3.12,3.46,1,3.46,185.76
2025-03-27 10:40:26,1.76,1.94,0,-1.76,184.0
2025-03-27 10:41:48,1.9,2.11,1,2.11,186.11
2025-03-27 10:42:19,3.18,3.53,0,-3.18,182.93
2025-03-27 10:44:59,4.08,4.53,1,4.53,187.46
2025-03-27 10:46:14,4.77,5.29,1,5.29,192.75
2025-03-27 10:47:34,1.34,1.48,0,-1.34,191.41
2025-03-27 10:48:13,0.97,1.04,0,-0.97,190.44
2025-03-27 10:52:10,2.48,2.75,1,2.75,193.19
2025-03-27 11:02:37,4.69,5.2,1,5.2,198.39
2025-03-27 11:03:50,4.69,5.2,1,5.2,203.59
2025-03-27 11:05:36,2.11,2.34,1,2.34,205.93
2025-03-27 11:06:37,1.5,1.65,0,-1.5,204.43
2025-03-27 11:07:24,2.84,3.15,0,-2.84,201.59
2025-03-27 11:08:16,0.99,1.09,0,-0.99,200.6
2025-03-27 11:09:00,4.39,4.87,0,-4.39,196.21
2025-03-27 11:10:09,3.84,4.26,1,4.26,200.47
2025-03-27 11:12:25,4.5,4.99,0,-4.5,195.97
2025-03-27 11:13:05,4.32,4.79,0,-4.32,191.65
2025-03-27 11:13:50,1.57,1.74,0,-1.57,190.08
2025-03-27 11:15:38,0.99,1.08,1,1.08,191.16
2025-03-27 11:17:10,1.78,1.97,1,1.97,193.13
2025-03-27 11:18:32,4.16,4.62,1,4.62,197.75
2025-03-27 11:20:21,0.99,1.06,1,1.06,198.81
2025-03-27 11:22:54,1.59,1.76,0,-1.59,197.22
2025-03-27 11:25:26,0.98,1.07,1,1.07,198.29
2025-03-27 11:26:12,0.93,1.02,1,1.02,199.31
2025-03-27 11:27:44,4.69,5.2,0,-4.69,194.62
2025-03-27 11:30:40,0.93,1.02,0,-0.93,193.69
2025-03-27 11:31:23,4.63,5.14,0,-4.63,189.06
2025-03-27 11:32:05,0.99,1.08,1,1.08,190.14
2025-03-27 11:34:24,1.94,2.15,0,-1.94,188.2
2025-03-27 11:35:07,2.27,2.52,1,2.52,190.72
2025-03-27 11:35:57,4.55,5.05,0,-4.55,186.17
2025-03-27 11:36:39,0.99,1.06,1,1.06,187.23
2025-03-27 11:37:56,2.86,3.17,1,3.17,190.4
2025-03-27 11:39:39,1.03,1.14,1,1.14,191.54
2025-03-27 11:44:54,2.03,2.25,1,2.25,193.79
2025-03-27 11:45:43,1.3,1.42,0,-1.3,192.49
2025-03-27 11:46:51,3.28,3.64,1,3.64,196.13
2025-03-27 11:48:06,1.3,1.42,0,-1.3,194.83
2025-03-27 11:51:55,1.23,1.36,1,1.36,196.19
2025-03-27 11:52:26,4.47,4.77,0,-4.47,191.72
2025-03-27 11:53:04,2.18,2.38,1,2.38,194.1
2025-03-27 11:53:39,3.77,4.18,0,-3.77,190.33
2025-03-27 11:54:31,0.93,1.02,0,-0.93,189.4
2025-03-27 11:58:15,2.12,2.35,1,2.35,191.75
2025-03-27 11:59:18,3.76,4.17,1,4.17,195.92
2025-03-27 12:00:22,2.31,2.56,1,2.56,198.48
2025-03-27 12:01:17,2.34,2.59,0,-2.34,196.14
2025-03-27 12:04:14,0.93,1.02,0,-0.93,195.21
2025-03-27 12:06:35,4.15,4.61,0,-4.15,191.06
2025-03-27 12:09:07,1.16,1.28,0,-1.16,190.08
2025-03-27 12:10:57,2.97,3.29,0,-2.97,187.11
2025-03-27 12:12:18,2.57,2.85,0,-2.57,184.54
2025-03-27 12:13:06,1.07,1.16,1,1.16,185.7
2025-03-27 12:14:15,3.61,4.0,0,-3.61,182.09
2025-03-27 12:18:05,2.92,3.24,0,-2.92,179.17
2025-03-27 12:18:45,3.83,4.25,0,-3.83,175.34
2025-03-27 12:25:16,4.25,4.72,1,4.72,180.06
2025-03-27 13:44:02,2.4,2.66,0,-2.4,177.66
2025-03-27 13:45:57,3.63,3.9,0,-3.63,174.03
2025-03-27 13:46:38,2.0,2.22,0,-2.0,172.03
2025-03-27 13:47:58,2.35,2.61,1,2.61,174.64
2025-03-27 13:49:06,2.0,2.22,0,-2.0,172.64
2025-03-27 13:49:50,3.8,4.22,1,4.22,176.86
2025-03-27 13:55:20,3.4,3.73,1,3.73,180.59
2025-03-27 13:59:22,2.56,2.84,0,-2.56,178.03
2025-03-27 14:00:50,2.2,2.44,1,2.44,180.47
2025-03-27 14:02:03,2.35,2.6,0,-2.35,178.12
2025-03-27 14:06:16,2.97,3.3,0,-2.97,175.15
2025-03-27 14:12:47,2.96,3.28,1,3.28,178.43
2025-03-27 14:15:55,2.66,2.95,1,2.95,181.38
2025-03-27 14:16:46,3.4,3.75,0,-3.4,177.98
2025-03-27 14:17:33,1.47,1.63,0,-1.47,176.51
2025-03-27 14:18:51,3.27,3.63,0,-3.27,173.24
2025-03-27 14:19:58,1.93,2.07,0,-1.93,171.31
2025-03-27 14:25:34,2.4,2.63,1,2.63,173.94
2025-03-27 14:30:42,1.21,1.3,1,1.3,175.24
2025-03-27 14:33:02,4.56,5.03,1,5.03,180.27
2025-03-27 14:33:36,2.15,2.36,0,-2.15,178.12
2025-03-27 14:36:13,0.95,1.02,1,1.02,179.14
2025-03-27 14:41:38,1.87,2.07,0,-1.87,177.27
2025-03-27 14:51:40,3.69,4.09,1,4.09,181.36
2025-03-27 14:53:38,1.7,1.88,1,1.88,183.24
2025-03-27 15:00:27,3.9,4.33,0,-3.9,179.34
2025-03-27 15:00:56,0.92,1.02,0,-0.92,178.42
2025-03-27 15:02:15,2.79,3.09,0,-2.79,175.63
2025-03-27 15:04:24,4.0,4.44,1,4.44,180.07
2025-03-27 15:07:41,4.08,4.53,0,-4.08,175.99
2025-03-27 15:08:29,2.96,3.28,1,3.28,179.27
2025-03-27 15:09:04,4.04,4.48,0,-4.04,175.23
2025-03-27 15:10:06,1.77,1.96,1,1.96,177.19
2025-03-27 15:10:48,2.92,3.24,1,3.24,180.43
2025-03-27 15:22:00,0.96,1.06,0,-0.96,179.47
2025-03-27 15:23:56,0.95,1.02,1,1.02,180.49
2025-03-27 15:29:21,0.91,1.01,1,1.01,181.5
2025-03-27 15:31:23,2.1,2.32,1,2.32,183.82
2025-03-27 15:33:53,1.03,1.14,0,-1.03,182.79
2025-03-27 15:35:04,3.29,3.65,1,3.65,186.44
2025-03-27 15:36:04,1.96,2.17,0,-1.96,184.48
2025-03-27 15:39:14,1.81,2.01,1,2.01,186.49
2025-03-27 15:40:28,1.79,1.98,0,-1.79,184.7
2025-03-27 15:44:40,3.38,3.75,1,3.75,188.45
2025-03-27 15:48:34,0.95,1.02,1,1.02,189.47
2025-03-27 17:56:26,3.19,3.54,0,-3.19,186.26
2025-03-27 17:59:35,4.71,5.23,0,-4.71,181.55
2025-03-27 18:00:59,0.97,1.06,0,-0.97,180.58
2025-03-27 18:01:58,1.8,2.0,1,2.0,182.58
2025-03-27 18:09:15,1.04,1.13,1,1.13,183.71
2025-03-27 18:10:25,1.12,1.23,0,-1.12,182.59
2025-03-27 18:12:48,1.18,1.31,0,-1.18,181.41
2025-03-27 18:14:16,1.09,1.2,1,1.2,182.61
2025-03-27 18:14:56,1.04,1.12,0,-1.04,181.57
2025-03-27 18:20:01,0.94,1.01,1,1.01,182.58
2025-03-27 18:37:20,1.9,2.1,1,2.1,184.68
2025-03-27 18:39:48,0.94,1.02,1,1.02,185.7
2025-03-27 18:41:19,3.49,3.87,0,-3.49,182.21
2025-03-27 18:43:41,1.04,1.13,0,-1.04,181.17
2025-03-27 18:44:35,1.8,2.0,1,2.0,183.17
2025-03-27 18:46:35,1.04,1.13,0,-1.04,182.13
2025-03-27 18:47:27,1.99,2.17,1,2.17,184.3
2025-03-27 18:48:59,0.94,1.03,0,-0.94,183.36
2025-03-27 18:50:36,4.57,5.07,0,-4.57,178.79
2025-03-27 18:54:22,4.35,4.83,0,-4.35,174.44
2025-03-27 18:56:37,3.91,4.29,1,4.29,178.73
2025-03-27 18:57:31,2.22,2.46,1,2.46,181.19
2025-03-27 19:11:16,2.78,3.08,0,-2.78,178.41
2025-03-27 20:32:24,2.94,3.26,1,3.26,181.67
2025-03-27 20:56:59,1.9,2.09,0,-1.9,179.77
2025-03-27 21:00:09,3.21,3.56,1,3.56,183.33
2025-03-27 21:03:00,3.52,3.87,0,-3.52,179.5
2025-03-27 21:08:50,1.99,2.19,1,2.19,181.69
2025-03-27 21:09:36,3.53,3.87,1,3.87,185.56
2025-03-27 21:15:47,3.48,3.86,1,3.86,189.42
2025-03-27 21:16:38,4.13,4.58,0,-4.13,185.29
2025-03-27 21:19:00,2.91,3.23,1,3.23,188.52
2025-03-27 21:21:26,1.49,1.65,0,-1.49,187.03
2025-03-27 21:22:12,2.83,3.14,0,-2.83,184.2
2025-03-27 21:28:29,7.8,8.66,1,8.66,192.86
2025-03-27 21:29:59,3.86,4.28,1,4.28,197.14
2025-03-27 21:31:04,3.74,4.15,0,-3.74,193.4
2025-03-27 21:34:44,2.91,3.23,1,3.23,196.63
2025-03-27 21:35:44,7.62,8.46,1,8.46,205.09
2025-03-27 21:36:52,4.69,5.21,1,5.21,210.3
2025-03-27 21:41:49,8.33,9.16,0,-8.33,201.97
2025-03-27 21:43:26,5.41,6.0,1,6.0,207.97
2025-03-27 21:54:25,2.7,2.9,0,-2.7,205.27
2025-03-27 21:58:00,3.83,4.25,1,4.25,209.52
2025-03-27 21:59:18,4.82,5.35,1,5.35,214.87
2025-03-27 22:00:26,2.7,2.9,1,2.9,217.77
2025-03-27 22:01:13,1.44,1.59,1,1.59,219.36
2025-03-27 22:05:36,1.86,2.0,1,2.0,221.36
2025-03-27 22:08:59,1.72,1.91,0,-1.72,219.64
2025-03-27 22:10:33,2.04,2.26,0,-2.04,217.6
2025-03-27 22:11:45,2.29,2.54,1,2.54,220.14
2025-03-27 22:12:51,2.66,2.95,1,2.95,223.09
2025-03-27 22:34:03,4.62,5.13,1,5.13,228.22
2025-03-27 22:41:59,4.51,5.01,1,5.01,233.23
2025-03-27 22:45:14,6.26,6.95,0,-6.26,226.97
2025-03-27 22:55:26,3.81,4.23,0,-3.81,223.16
2025-03-27 22:56:27,3.43,3.81,1,3.81,226.97
2025-03-27 22:59:04,1.85,1.98,1,1.98,228.95
2025-03-27 23:00:02,7.91,8.78,0,-7.91,221.04
2025-03-27 23:08:13,3.21,3.56,1,3.56,224.6
2025-03-27 23:09:16,1.78,1.97,0,-1.78,222.82
2025-03-27 23:11:00,4.23,4.69,1,4.69,227.51
2025-03-27 23:17:08,1.29,1.43,1,1.43,228.94
2025-03-27 23:30:05,2.8,3.1,1,3.1,232.04
2025-03-27 23:31:50,3.41,3.78,0,-3.41,228.63
2025-03-28 09:32:05,3.71,4.12,0,-3.71,223.97
2025-03-28 09:33:23,3.64,4.04,0,-3.64,220.33
2025-03-28 09:34:41,2.63,2.92,0,-2.63,217.7
2025-03-28 09:35:28,2.97,3.3,0,-2.97,214.73
2025-03-28 09:39:55,2.21,2.45,1,2.45,217.18
2025-03-28 09:43:55,2.7,2.99,0,-2.7,214.48
2025-03-28 09:45:13,2.12,2.35,0,-2.12,212.36
2025-03-28 09:49:27,2.91,3.19,0,-2.91,209.45
2025-03-28 09:50:09,3.21,3.56,0,-3.21,206.24
2025-03-28 09:52:20,4.94,5.48,1,5.48,211.72
2025-03-28 09:53:33,5.11,5.67,0,-5.11,206.61
2025-03-28 09:55:02,2.99,3.32,1,3.32,209.93
2025-03-28 09:55:57,3.35,3.62,1,3.62,213.55
2025-03-28 09:56:29,3.01,3.34,0,-3.01,210.54
2025-03-28 09:58:00,3.35,3.72,1,3.72,214.26
2025-03-28 10:00:31,3.35,3.72,1,3.72,217.98
2025-03-28 10:01:42,4.62,4.97,0,-4.62,213.36
2025-03-28 10:02:12,3.01,3.34,0,-3.01,210.35
2025-03-28 10:02:56,3.97,4.4,1,4.4,214.75
2025-03-28 10:13:49,2.39,2.65,1,2.65,217.4
2025-03-28 10:21:38,4.76,5.28,1,5.28,222.68
2025-03-28 10:22:20,4.84,5.37,0,-4.84,217.84
2025-03-28 10:28:18,4.36,4.84,1,4.84,222.68
2025-03-28 10:32:19,5.24,5.82,1,5.82,228.5
2025-03-28 10:37:35,1.85,2.04,0,-1.85,226.65
2025-03-28 10:38:27,4.51,5.01,1,5.01,231.66
2025-03-28 10:40:08,2.52,2.79,0,-2.52,229.14
2025-03-28 10:46:31,1.85,2.04,0,-1.85,227.29
2025-03-28 10:48:29,3.17,3.44,0,-3.17,224.12
2025-03-28 10:50:39,5.12,5.68,0,-5.12,219.0
2025-03-28 10:51:55,1.9,2.04,0,-1.9,217.1
2025-03-28 10:57:32,3.01,3.34,1,3.34,220.44
2025-03-28 11:00:04,2.63,2.92,1,2.92,223.36
2025-03-28 11:09:23,2.19,2.39,0,-2.19,221.17
2025-03-28 11:22:02,3.88,4.31,0,-3.88,217.29
2025-03-28 11:23:14,2.71,3.0,0,-2.71,214.58
2025-03-28 11:24:59,1.89,2.09,0,-1.89,212.69
2025-03-28 11:25:53,2.72,3.02,1,3.02,215.71
2025-03-28 11:27:48,4.85,5.38,1,5.38,221.09
2025-03-28 11:30:41,3.43,3.81,0,-3.43,217.66
2025-03-28 11:31:55,2.35,2.6,0,-2.35,215.31
2025-03-28 11:33:44,1.9,2.11,1,2.11,217.42
2025-03-28 11:35:35,3.68,4.08,0,-3.68,213.74
2025-03-28 11:36:11,4.61,5.12,0,-4.61,209.13
2025-03-28 11:38:06,4.82,5.35,1,5.35,214.48
2025-03-28 11:45:02,2.99,3.32,0,-2.99,211.49
2025-03-28 11:46:21,4.71,5.23,1,5.23,216.72
2025-03-28 12:40:56,1.98,2.19,1,2.19,218.91
2025-03-28 12:46:01,1.86,2.04,0,-1.86,217.05
2025-03-28 12:49:28,3.1,3.44,1,3.44,220.49
2025-03-28 12:52:58,3.46,3.84,1,3.84,224.33
2025-03-28 12:54:46,2.98,3.31,1,3.31,227.64
2025-03-28 12:55:43,2.01,2.18,0,-2.01,225.63
2025-03-28 12:56:43,2.52,2.79,1,2.79,228.42
2025-03-28 12:59:10,2.71,3.01,0,-2.71,225.71
2025-03-28 13:13:39,1.91,2.12,1,2.12,228.99
2025-03-28 13:18:37,3.12,3.46,0,-3.12,225.87
2025-03-28 13:23:16,1.91,2.07,0,-1.91,223.96
2025-03-28 13:24:43,3.05,3.38,0,-3.05,220.91
2025-03-28 13:39:42,3.97,4.4,0,-3.97,216.94
2025-03-28 13:44:55,4.42,4.91,1,4.91,221.85
2025-03-28 13:47:44,1.9,2.11,1,2.11,223.96
2025-03-28 14:04:03,4.92,5.46,0,-4.92,219.04
2025-03-28 14:08:21,3.6,3.99,1,3.99,223.03
2025-03-28 14:09:18,4.02,4.46,1,4.46,227.49
2025-03-28 14:15:43,2.19,2.38,1,2.38,229.87
2025-03-28 14:30:45,4.87,5.41,1,5.41,235.28
2025-03-28 14:32:46,3.81,4.23,0,-3.81,231.47
2025-03-28 14:34:59,3.82,4.24,0,-3.82,227.65
2025-03-28 14:35:43,2.98,3.31,0,-2.98,224.67
2025-03-28 14:37:14,2.19,2.37,0,-2.19,222.48
2025-03-28 14:37:59,4.11,4.56,1,4.56,227.04
2025-03-28 14:57:20,3.53,3.92,1,3.92,230.96
2025-03-28 14:58:58,3.71,4.12,0,-3.71,227.25
2025-03-28 15:00:58,3.43,3.81,0,-3.43,223.82
2025-03-28 15:02:28,5.01,5.56,0,-5.01,218.81
2025-03-28 15:07:58,1.88,2.08,0,-1.88,216.93
2025-03-28 15:08:32,3.57,3.96,0,-3.57,213.36
2025-03-28 15:09:25,3.64,4.04,1,4.04,217.4
2025-03-28 15:13:34,4.72,5.24,0,-4.72,212.68
2025-03-28 15:14:50,2.13,2.36,0,-2.13,210.55
2025-03-28 15:16:54,2.86,3.17,1,3.17,213.72
2025-03-28 15:19:25,1.92,2.13,0,-1.92,204.12
2025-03-28 15:20:05,2.66,2.91,0,-2.66,201.46
2025-03-28 15:20:45,3.89,4.32,1,4.32,205.78
2025-03-28 15:21:40,3.6,3.98,1,3.98,209.76
2025-03-28 15:24:29,4.43,4.88,0,-4.43,205.33
2025-03-28 15:26:17,4.43,4.88,1,4.88,210.21
2025-03-28 15:32:21,1.81,2.01,0,-1.81,211.2
2025-03-28 15:33:48,3.92,4.35,0,-3.92,207.28
2025-03-28 15:34:51,3.44,3.82,1,3.82,211.1
2025-03-28 15:36:12,1.91,2.12,1,2.12,213.22
2025-03-28 15:37:52,2.52,2.79,1,2.79,216.01
2025-03-28 15:42:33,5.08,5.64,1,5.64,221.65
2025-03-28 15:43:13,3.33,3.69,0,-3.33,218.32
2025-03-28 15:44:08,3.2,3.55,1,3.55,221.87
2025-03-28 15:45:22,3.26,3.62,1,3.62,225.49
2025-03-28 15:47:03,3.27,3.63,1,3.63,229.12
2025-03-28 15:48:26,2.87,3.18,1,3.18,232.3
2025-03-28 15:51:56,1.82,2.02,0,-1.82,230.48
2025-03-28 15:52:46,3.46,3.84,1,3.84,234.32
2025-03-28 15:54:36,3.89,4.26,1,4.26,238.58
2025-03-28 15:55:53,2.85,3.16,1,3.16,241.74
2025-03-28 16:21:11,5.31,5.89,0,-5.31,236.43
2025-03-28 16:21:56,3.56,3.95,1,3.95,240.38
2025-03-28 16:24:43,3.13,3.47,1,3.47,243.85
2025-03-28 16:27:22,2.78,3.08,1,3.08,246.93
2025-03-28 16:28:40,4.43,3.24,1,3.59,250.52
2025-03-28 16:29:41,2.39,2.65,0,-2.39,248.13
2025-03-28 16:30:27,3.63,4.03,1,4.03,252.16
2025-03-28 16:31:42,2.38,2.64,1,2.64,254.8
2025-03-28 16:32:34,2.22,2.46,0,-2.22,252.58
2025-03-28 16:33:17,4.05,4.5,1,4.5,257.08
2025-03-28 16:34:01,1.99,2.21,0,-1.99,255.09
2025-03-28 16:40:59,3.0,3.33,1,3.33,258.42
2025-03-28 16:44:05,3.43,3.81,0,-3.43,254.99
2025-03-28 16:44:56,2.92,3.24,0,-2.92,252.07
2025-03-28 16:45:48,1.91,2.1,1,2.1,254.17
2025-03-28 16:46:57,3.29,3.65,0,-3.29,250.88
2025-03-28 16:47:46,2.69,2.98,0,-2.69,248.19
2025-03-28 17:11:31,1.99,2.15,0,-1.99,246.05
2025-03-28 17:12:23,4.53,5.03,1,5.03,251.08
2025-03-28 17:14:14,4.84,5.37,0,-4.84,246.24
2025-03-28 17:18:13,3.27,3.63,1,3.63,249.87
2025-03-28 17:19:08,2.97,3.3,1,3.3,253.17
2025-03-28 17:20:03,3.01,3.34,0,-3.01,250.16
2025-03-28 17:21:31,3.01,3.34,0,-3.01,247.15
2025-03-28 17:25:17,3.66,4.06,0,-3.66,243.49
2025-03-28 19:04:52,2.39,2.65,1,2.65,243.09
2025-03-28 19:05:28,3.98,4.35,0,-3.98,239.11
2025-03-28 19:06:50,2.17,2.4,1,2.4,241.51
2025-03-28 19:09:04,2.5,2.77,1,2.77,244.28
2025-03-28 19:10:52,4.3,4.77,0,-4.3,239.98
2025-03-28 19:11:55,4.77,5.29,1,5.29,245.27
2025-03-28 19:12:56,1.82,2.02,0,-1.82,243.45
2025-03-28 19:14:00,3.6,3.99,1,3.99,247.44
2025-03-28 19:14:55,1.81,2.01,0,-1.81,245.63
2025-03-28 19:15:35,2.05,2.27,1,2.27,247.9
2025-03-28 19:17:17,2.79,2.99,0,-2.79,248.93
2025-03-28 19:20:24,2.23,2.47,1,2.47,251.4
2025-03-28 19:21:20,2.58,2.76,1,2.76,254.16
2025-03-28 19:22:38,1.99,2.13,0,-1.99,252.17
2025-03-28 19:29:38,4.66,5.17,0,-4.66,247.51
2025-03-28 19:31:02,2.95,3.27,0,-2.95,244.56
2025-03-28 19:32:52,2.17,2.41,1,2.41,246.97
2025-03-28 19:35:17,3.74,4.15,0,-3.74,243.23
2025-03-28 19:41:06,2.81,3.12,0,-2.81,240.42
2025-03-28 19:46:11,2.92,3.24,0,-2.92,237.5
2025-03-28 19:47:20,3.44,3.82,1,3.82,241.32
2025-03-28 19:48:06,3.89,4.26,1,4.26,245.58
2025-03-28 19:49:01,1.88,2.08,1,2.08,247.66
2025-03-28 21:22:48,4.33,4.8,1,4.8,251.08
2025-03-28 21:25:10,3.29,3.65,1,3.65,254.73
2025-03-28 21:28:50,5.26,5.84,0,-5.26,249.47
2025-03-28 21:29:20,2.07,2.3,0,-2.07,247.4
2025-03-28 21:31:06,2.02,2.24,1,2.24,249.64
2025-03-28 21:32:01,2.97,3.2,1,3.2,252.84
2025-03-28 21:33:29,3.07,3.4,0,-3.07,249.77
2025-03-28 21:34:34,1.87,2.07,1,2.07,251.84
2025-03-28 21:36:21,2.51,2.78,0,-2.51,249.33
2025-03-28 21:38:47,1.99,2.16,1,2.16,251.49
2025-03-28 21:39:58,2.05,2.27,0,-2.05,249.44
2025-03-28 21:44:27,2.77,3.07,1,3.07,252.51
2025-03-28 21:46:39,5.12,5.68,1,5.68,258.19
2025-03-28 21:49:05,2.07,2.29,0,-2.07,256.12
2025-03-28 21:49:58,2.07,2.3,1,2.3,258.42
2025-03-28 21:51:13,5.11,5.67,0,-5.11,253.31
2025-03-28 21:52:38,2.03,2.25,1,2.25,255.56
2025-03-28 21:55:21,1.99,2.14,0,-1.99,253.57
2025-03-28 21:55:57,3.72,4.13,0,-3.72,249.85
2025-03-28 21:58:48,7.54,7.85,1,7.36,257.21
2025-03-28 22:01:59,3.91,4.26,1,4.26,261.46
2025-03-28 22:03:36,4.89,5.43,0,-4.89,256.57
2025-03-28 22:04:18,5.36,5.95,1,5.95,262.52
2025-03-28 22:06:48,3.13,3.47,0,-3.13,259.39
2025-03-28 22:08:57,4.72,5.24,1,5.24,264.63
2025-03-28 22:11:13,3.46,3.84,0,-3.46,261.17
2025-03-28 22:16:06,5.27,5.7,1,5.7,266.87
2025-03-28 22:17:30,5.23,5.81,1,5.81,272.68
2025-03-28 22:19:29,3.8,4.22,0,-3.8,268.88
2025-03-28 22:21:04,5.1,5.66,0,-5.1,263.78
2025-03-28 22:23:40,3.8,4.22,0,-3.8,259.98
2025-03-28 22:25:34,2.5,2.77,1,2.77,262.75
2025-03-28 22:27:04,2.59,2.87,0,-2.59,260.16
2025-03-28 22:27:40,4.89,5.43,0,-4.89,255.27
2025-03-28 22:29:48,2.4,2.66,0,-2.4,252.87
2025-03-28 22:31:00,5.05,5.6,0,-5.05,247.82
2025-03-28 22:31:50,3.45,3.83,1,3.83,251.65
2025-03-28 22:40:34,3.04,3.37,0,-3.04,248.61
2025-03-28 22:41:53,4.89,5.43,0,-4.89,243.72
2025-03-28 22:44:14,4.89,5.43,0,-4.89,238.83
2025-03-28 22:46:24,4.89,5.43,0,-4.89,233.94
2025-03-28 22:48:11,4.94,5.43,1,5.43,239.37
2025-03-28 22:49:01,2.97,3.24,1,3.24,242.61
2025-03-28 22:53:25,5.2,5.77,1,5.77,242.17
2025-03-28 22:54:40,3.29,3.65,1,3.65,245.82
2025-03-28 22:56:33,1.89,2.09,0,-1.89,243.93
2025-03-28 22:57:26,3.59,3.98,1,3.98,247.91
2025-03-28 23:00:11,3.77,4.18,1,4.18,252.09
2025-03-28 23:01:02,2.98,3.31,0,-2.98,249.11
2025-03-28 23:08:16,3.22,3.57,0,-3.22,245.89
2025-03-28 23:20:54,3.72,4.12,1,4.12,253.93
2025-03-28 23:21:35,2.58,2.76,0,-2.58,251.35
2025-03-28 23:24:26,4.79,5.32,0,-4.79,246.56
2025-03-28 23:26:41,5.16,5.73,0,-5.16,241.4
2025-03-28 23:32:01,2.91,3.23,1,3.23,244.63
2025-03-28 23:35:23,4.76,5.28,0,-4.76,239.87
2025-03-28 23:36:10,3.6,3.98,0,-3.6,236.27
2025-03-28 23:37:06,5.27,5.82,0,-5.27,231.0
2025-03-28 23:38:45,3.96,4.39,1,4.39,235.39
2025-03-28 23:39:34,4.82,5.27,1,5.27,240.66
2025-03-28 23:42:16,4.72,5.07,0,-4.72,235.94
2025-03-28 23:43:42,4.85,5.38,1,5.38,241.32
2025-03-28 23:46:07,5.27,5.7,0,-5.27,236.05
2025-03-29 09:21:29,7.54,8.96,1,8.96,245.01
2025-03-29 09:23:20,4.6,5.11,1,5.11,254.89
2025-03-29 09:32:28,3.2,3.55,1,3.55,258.44
2025-03-29 09:33:31,4.95,5.45,0,-4.95,253.49
2025-03-29 09:34:22,2.98,3.31,1,3.31,256.8
2025-03-29 09:35:09,1.99,2.17,0,-1.99,254.81
2025-03-29 09:37:36,2.12,2.35,1,2.35,257.16
2025-03-29 09:43:12,2.58,2.86,0,-2.58,254.58
2025-03-29 09:44:23,4.33,4.81,1,4.81,259.39
2025-03-29 09:45:17,2.85,3.16,0,-2.85,256.54
2025-03-29 09:45:46,2.85,3.16,0,-2.85,253.69
2025-03-29 09:47:51,2.04,2.26,0,-2.04,251.65
2025-03-29 09:48:44,3.0,3.2,0,-3.0,248.65
2025-03-29 09:50:37,4.51,5.01,0,-4.51,244.14
2025-03-29 09:51:49,4.96,5.51,0,-4.96,239.18
2025-03-29 09:52:31,3.5,3.88,1,3.88,243.06
2025-03-29 09:53:09,1.88,2.08,0,-1.88,241.18
2025-03-29 10:01:23,4.54,5.04,1,5.04,243.93
2025-03-29 10:04:28,2.29,2.54,1,2.54,246.47
2025-03-29 10:06:47,2.72,3.02,1,3.02,251.78
2025-03-29 10:07:29,5.09,5.65,1,5.65,257.43
2025-03-29 10:08:19,3.82,4.24,1,4.24,261.67
2025-03-29 10:09:04,4.75,5.27,1,5.27,266.94
2025-03-29 10:09:41,1.95,2.16,0,-1.95,264.99
2025-03-29 10:10:13,1.88,2.08,0,-1.88,263.11
2025-03-29 10:11:27,3.43,3.81,0,-3.43,259.68
2025-03-29 10:14:01,2.55,2.83,0,-2.55,257.13
2025-03-29 10:14:39,4.47,4.96,0,-4.47,252.66
2025-03-29 10:15:36,1.88,2.08,1,2.08,254.74
2025-03-29 10:17:28,1.89,2.09,1,2.09,256.83
2025-03-29 10:18:06,3.06,3.39,0,-3.06,253.77
2025-03-29 10:20:00,1.91,2.12,1,2.12,255.89
2025-03-29 10:22:32,3.85,4.27,1,4.27,260.16
2025-03-29 10:26:39,2.84,3.15,1,3.15,263.31
2025-03-29 10:30:35,4.24,4.7,1,4.7,268.01
2025-03-29 10:34:24,3.27,3.63,1,3.63,271.64
2025-03-29 10:35:01,4.45,4.94,0,-4.45,267.19
2025-03-29 10:37:48,4.45,4.94,1,4.94,272.13
2025-03-29 10:40:16,3.34,3.7,1,3.7,275.83
2025-03-29 10:41:18,1.82,2.01,0,-1.82,274.01
2025-03-29 10:42:46,1.82,2.01,0,-1.82,272.19
2025-03-29 10:45:53,4.33,4.81,1,4.81,277.0
2025-03-29 10:46:29,3.43,3.81,0,-3.43,273.57
2025-03-29 10:47:13,1.87,2.07,0,-1.87,271.7
2025-03-29 10:48:07,3.85,4.26,1,4.26,275.96
2025-03-29 10:50:38,2.02,2.24,0,-2.02,273.94
2025-03-29 10:59:53,1.91,2.07,1,2.07,276.01
2025-03-29 11:00:46,2.91,3.23,0,-2.91,273.1
2025-03-29 11:09:54,2.64,2.89,0,-2.64,270.46
2025-03-29 11:19:28,2.17,2.4,1,2.4,272.86
2025-03-29 11:21:10,4.76,5.28,1,5.28,278.14
2025-03-29 11:23:55,1.95,2.16,0,-1.95,276.19
2025-03-29 11:24:59,3.69,4.09,1,4.09,280.28
2025-03-29 11:26:41,2.41,2.67,0,-2.41,277.87
2025-03-29 11:28:01,4.58,5.08,0,-4.58,273.29
2025-03-29 11:28:37,3.5,3.88,1,3.88,277.17
2025-03-29 11:31:33,2.75,3.05,0,-2.75,274.42
2025-03-29 11:36:57,2.4,2.66,0,-2.4,272.02
2025-03-29 11:40:48,2.78,3.08,1,3.08,275.1
2025-03-29 11:43:10,1.82,2.01,1,2.01,277.11
2025-03-29 11:51:22,3.03,3.36,1,3.36,280.47
2025-03-29 11:52:22,4.23,4.69,1,4.69,285.16
2025-03-29 11:58:42,4.72,5.24,0,-4.72,280.44
2025-03-29 12:02:06,3.63,4.03,0,-3.63,276.81
2025-03-29 12:04:18,4.55,5.05,0,-4.55,272.26
2025-03-29 12:08:14,3.97,4.41,0,-3.97,268.29
2025-03-29 12:11:18,3.71,4.12,1,4.12,272.41
2025-03-29 12:14:32,2.82,3.13,0,-2.82,269.59
2025-03-29 12:15:08,2.24,2.42,0,-2.24,267.35
2025-03-29 12:26:13,2.77,3.07,0,-2.77,264.58
2025-03-29 12:27:13,4.8,5.33,0,-4.8,259.78
2025-03-29 12:28:56,2.44,2.7,0,-2.44,257.34
2025-03-29 12:29:29,2.19,2.43,0,-2.19,255.15
2025-03-29 12:30:36,2.61,2.9,0,-2.61,252.54
2025-03-29 12:32:08,2.61,2.9,1,2.9,255.44
2025-03-29 12:34:39,4.49,4.98,0,-4.49,250.95
2025-03-29 12:35:45,4.02,4.46,1,4.46,255.41
2025-03-29 12:37:53,3.54,3.93,0,-3.54,254.64
2025-03-29 12:39:43,4.44,4.93,0,-4.44,250.2
2025-03-29 12:40:18,4.44,4.93,0,-4.44,245.76
2025-03-29 12:40:48,4.3,4.77,0,-4.3,241.46
2025-03-29 12:47:49,3.13,3.47,1,3.47,244.93
2025-03-29 12:50:26,4.76,5.28,0,-4.76,240.17
2025-03-29 12:51:35,4.34,4.82,0,-4.34,235.83
2025-03-29 12:54:13,4.22,4.68,0,-4.22,231.61
2025-03-29 12:55:04,5.0,5.55,0,-5.0,226.61
2025-03-29 13:03:49,2.98,3.3,0,-2.98,224.94
2025-03-29 13:09:57,4.82,5.26,0,-4.82,220.12
2025-03-29 13:11:01,3.75,4.16,0,-3.75,216.37
2025-03-29 13:34:48,2.26,2.5,1,2.5,218.87
2025-03-29 13:36:00,4.78,5.31,0,-4.78,214.09
2025-03-29 14:42:35,8.71,7.84,1,8.71,222.8
2025-03-29 14:43:53,2.07,2.3,0,-2.07,220.73
2025-03-29 14:45:47,2.2,2.44,1,2.44,223.17
2025-03-29 14:47:17,4.04,4.48,0,-4.04,219.13
2025-03-29 14:48:05,1.87,2.07,1,2.07,221.2
2025-03-29 14:49:47,3.07,3.4,0,-3.07,218.13
2025-03-29 14:53:44,4.19,4.65,0,-4.19,213.94
2025-03-29 14:54:37,2.79,3.09,1,3.09,217.03
